,网上发行中签率,网下配售中签率,发行前每股净资产,首日换手率,投资金额总计,总资产,净资产,营业收入,净利润,资本公积,未分配利润,基本每股收益,净资产收益率
http://topic.eastmoney.com/wjncsyyh/,,&nbsp;,6.83,-,71647.16,778.7405,69.4176,11.453,3.96,100000,7.42,-,5.84
http://topic.eastmoney.com/SHYH2014/,,&nbsp;,17.77,-,1045043.21,16181.2893,997.219,179.6827,73.35,2039269.8,285.75,-,-
http://topic.eastmoney.com/jxgtmb/,,&nbsp;,3.77,-,31774.03,9.4322,6.3055,2.033,0.55,9546.64,3.11,-,8.97
http://topic.eastmoney.com/hnjyb/,,&nbsp;,5.96,-,28935.63,7.9793,3.8412,2.5849,0.23,4252.13,2.44,0.37,6.14
http://topic.eastmoney.com/zgjcjyrzjt/,,&nbsp;,2.11,-,85604.81,6.9618,3.9928,2.8326,0.48,-,1.51,-,11.85
http://topic.eastmoney.com/dfzkjckj/,,&nbsp;,3.54,-,14740,3.6709,3.0305,3.1363,0.12,4937.35,1.51,-,4.12
http://topic.eastmoney.com/czkkxh/,,&nbsp;,3.73,-,36105,3.0479,2.191,1.2927,0.44,5890.22,0.66,0.64,18.67
http://topic.eastmoney.com/BDYY2014/,,&nbsp;,2.47,-,82774.6,13.6865,11.0854,5.1858,2.12,1064.95,6.51,-,21.48
http://topic.eastmoney.com/SLSJ2014/,,&nbsp;,3.22,-,11492.77,4.1018,2.7187,1.7787,0.08,8638.98,0.88,0.12,3.67
http://topic.eastmoney.com/NBHTJGIPO/,,&nbsp;,2.07,-,23020,19.196,9.9511,5.1735,0.39,27638.61,2.17,-,3.92
http://topic.eastmoney.com/fsmjj/,,&nbsp;,6.5,-,185000,39.8358,25.7216,6.229,2.89,11014.33,19.71,-,11.91
http://topic.eastmoney.com/WHLGGKIPO/,,&nbsp;,6.11,-,24871.33,3.4121,2.6276,0.624,0.08,4351.92,1.54,-,3.08
http://topic.eastmoney.com/ZFT2014/,,&nbsp;,5.05,-,23328.45,3.8921,2.8794,1.6712,0.22,5218.07,1.67,-,8.17
http://topic.eastmoney.com/WHSLSIPO/,,&nbsp;,12.31,-,40172.07,7.2765,5.0873,2.9397,0.38,18963.82,2.52,-,7.55
http://topic.eastmoney.com/jfat/,,&nbsp;,4.46,-,35442.58,3.1745,2.6957,0.8097,0.3,2081.02,1.67,-,11.64
http://topic.eastmoney.com/XHWIPO/,,&nbsp;,7.33,-,149733.99,18.1375,11.4067,5.3218,1.02,23866.26,6.38,-,9.27
http://topic.eastmoney.com/dhwl/,,&nbsp;,3.1,-,87253.62,7.8206,5.5873,2.4732,1.4,1465.8,2.76,0.79,29.13
http://topic.eastmoney.com/hzyh/,,&nbsp;,14.38,-,361056.2,5668.8899,339.0749,68.0298,23.13,802252.8,136.04,1,7.14
http://topic.eastmoney.com/wzxcjt/,,&nbsp;,4.56,-,62550,13.6379,7.5082,5.2791,0.45,21430.37,3.03,0.29,6.63
http://topic.eastmoney.com/shkdjm/,,&nbsp;,4.27,-,24159.89,4.8221,3.2029,1.5167,0.12,5612.69,1.83,0.16,3.92
http://topic.eastmoney.com/nkjnjs/,,&nbsp;,5.05,-,45222.11,5.3507,4.4131,0.8253,0.05,12962.06,2,0.07,1.45
http://topic.eastmoney.com/wjkjgf/,,&nbsp;,5.38,-,27610,7.7696,4.3073,2.9069,0.35,9206.59,2.35,0.44,8.46
http://topic.eastmoney.com/hzjzjd/,,&nbsp;,4.59,-,20716.38,1.8383,1.6528,0.5239,0.15,4179.08,0.76,-,9.58
http://topic.eastmoney.com/RHKJ2014/,,&nbsp;,3.87,-,54837.39,3.9601,2.3704,0.9559,0.17,3297.9,1.27,-,8
http://topic.eastmoney.com/ltsx/,,&nbsp;,4.87,-,35368.35,4.9316,2.9196,1.6228,0.24,2844.85,1.81,0.41,8.87
http://topic.eastmoney.com/hdkj/,,&nbsp;,2.86,-,90532,17.9052,13.7801,12.109,3.04,3422.9,8.22,-,-
http://topic.eastmoney.com/SHGADZKJIPO/,,&nbsp;,4.96,-,28078,4.4159,2.8728,1.1238,0.15,4448.42,1.71,0.27,5.21
http://topic.eastmoney.com/gjjuipo/,,&nbsp;,3.53,-,195679.17,26.5317,11.7823,20.1195,2.75,10336.65,5.46,-,24.81
http://topic.eastmoney.com/hkjjkj/,,&nbsp;,3.78,-,86666.92,10.7246,6.8258,7.7501,0.8,8741.54,3.65,0.45,12.18
http://topic.eastmoney.com/BCKJIPO/,,&nbsp;,4.84,-,19701.73,3.8216,3.1946,1.5059,0.32,4602.24,1.85,-,10.2
http://topic.eastmoney.com/lyf2012/,,&nbsp;,6.38,-,67407,17.4395,11.4783,17.0425,0.69,38897.08,5.46,0.38,6.22
http://topic.eastmoney.com/lckj/,,&nbsp;,5.36,-,47849.8,10.259,4.8265,3.8323,0.27,6765.49,2.92,-,5.7
http://topic.eastmoney.com/qddxtx/,,&nbsp;,2.94,-,84596.93,13.4981,11.5693,5.122,0.78,2031.28,6.24,-,7.14
http://topic.eastmoney.com/cdgf2012/,error,error,error,error,error,error,error,error,error,error,error,error,error
http://topic.eastmoney.com/shzdjsipo/,,&nbsp;,5.32,-,35310.58,7.4931,3.9132,3.2574,0.4,9337.96,2.06,-,10.75
http://topic.eastmoney.com/chkj/,,&nbsp;,6.31,-,30589,5.2754,3.1918,2.3752,0.36,3170,2.2,-,12.02
http://topic.eastmoney.com/csncsyyh/,,&nbsp;,4.28,-,91117.66,1223.8343,91.0453,21.0349,5.52,501.3,17.58,0.26,6.34
http://topic.eastmoney.com/ydjmgy/,,&nbsp;,3.73,-,22374,3.7172,1.8651,1.6422,0.2,3910.73,0.82,0.4,11.24
http://topic.eastmoney.com/xdkjgf2012/,,&nbsp;,6.98,-,29982.11,3.9214,2.9828,1.016,0.19,1031.19,2.24,-,-
http://topic.eastmoney.com/hbtjdzkjipo/,,&nbsp;,5.51,-,23552,5.3396,3.276,1.6368,0.28,4836.74,1.6,0.5,9.22
http://topic.eastmoney.com/ldzb/,,&nbsp;,4.4,-,35774.09,3.2712,2.3556,1.1437,0.16,3263.14,1.33,0.3,6.96
http://topic.eastmoney.com/wxncsyyh/,,&nbsp;,4.47,-,78931.78,1164.5622,75.4303,5.9362,2.12,37039.54,3.67,-,2.94
http://topic.eastmoney.com/nshj/,,&nbsp;,3.83,-,17701.8,5.349,2.9154,1.8077,0.24,6173.13,1.44,-,8.66
http://topic.eastmoney.com/tykj/,,&nbsp;,2.89,-,80876.93,32.6995,16.4016,15.2107,0.83,10751.33,8.41,-,5.16
http://topic.eastmoney.com/XCKJIPO/,,&nbsp;,5.59,-,22737,5.0091,3.7797,1.827,0.07,6433.12,2.12,-,1.82
http://topic.eastmoney.com/wdrjgf/,,&nbsp;,&nbsp;,-,74667.39,4.087,3.535,0.8646,0.15,4887.31,1.2,0.09,4.38
http://topic.eastmoney.com/xjstxx/,,&nbsp;,4.12,-,47810.96,7.9982,3.7042,3.8122,0.25,8016.73,1.8,-,7.06
http://topic.eastmoney.com/HBZHHXIPO/,,&nbsp;,4.32,-,36546,9.8251,7.1198,4.1082,0.46,16483.49,3.39,-,6.7
http://topic.eastmoney.com/lslfyy/,,&nbsp;,6.24,-,31188.02,6.3557,4.302,1.2338,0.25,19291,1.52,-,5.89
http://topic.eastmoney.com/XJXTTRQIPO/,,&nbsp;,5.35,-,152713,9.1483,6.4194,3.9906,0.8,18829.92,2.31,-,12.49
http://topic.eastmoney.com/yncx/,,&nbsp;,7.32,-,74776.7,13.062,7.3487,5.1097,0.75,23727.27,3.18,0.75,10.21
http://topic.eastmoney.com/SJLTIPO/,,&nbsp;,4.82,-,error,91.9517,28.9386,15.8439,1.61,3926.58,15.58,0.27,5.72
http://topic.eastmoney.com/ytgjjs/,,&nbsp;,4.68,-,67074.87,17.2974,6.3229,8.9555,0.43,10009.84,3.59,0.32,7.05
http://topic.eastmoney.com/lkzndq/,,&nbsp;,5.6,-,28682.82,5.5466,2.8731,4.0215,0.35,6242.34,1.65,0.79,13.12
http://topic.eastmoney.com/zplqipo/,,&nbsp;,2.32,-,65190.72,26.0267,6.9782,24.0779,0.88,1976.23,3.06,0.29,13.36
http://topic.eastmoney.com/jyncsy/,,&nbsp;,4.64,-,92390.22,904.7841,75.1417,25.043,8.15,-,21,0.52,12.13
http://topic.eastmoney.com/atsw/,,&nbsp;,2.29,-,78430.15,11.1999,8.6625,4.3374,1.48,38.82,4.22,-,18.64
http://topic.eastmoney.com/nbhhmj/,,&nbsp;,3.09,-,33062,4.4984,2.2345,1.8461,0.14,3941.86,1.02,0.2,6.7
http://topic.eastmoney.com/gxggxcl/,,&nbsp;,3.35,-,27001.52,3.5317,2.6399,1.3113,0.21,4862.17,1.22,-,8.3
http://topic.eastmoney.com/wxhs/,,&nbsp;,3.19,-,27013,3.083,2.5085,1.0735,0.19,6464.36,0.96,0.25,8.52
http://topic.eastmoney.com/SDHDGFIPO/,,&nbsp;,5.84,-,33435.32,7.9318,4.1838,2.7694,0.24,709.41,2.88,0.34,6.03
http://topic.eastmoney.com/hwyy/,,&nbsp;,4.04,-,37981.27,9.8145,4.0402,5.3879,0.68,5706.85,2.18,0.68,18.41
http://topic.eastmoney.com/TYSYIPO/,,&nbsp;,4.61,-,35995,3.1941,1.9346,3.9244,0.16,3127.1,1.12,-,8.6
http://topic.eastmoney.com/hqcl/,,&nbsp;,7.07,-,40949,5.5342,4.5818,1.9269,0.34,5881.8,3.14,0.57,7.74
http://topic.eastmoney.com/adlbh/,,&nbsp;,5.56,-,29040.2,12.3786,3.5557,7.6806,0.22,5957.57,2.32,0.36,6.32
http://topic.eastmoney.com/cdslyhsb/,,&nbsp;,4.92,-,44670,7.116,3.3454,1.6645,0.31,5408.49,1.85,0.47,9.19
http://topic.eastmoney.com/OPZMIPO/,,&nbsp;,3.48,-,123986.3,33.146,18.3481,44.6886,4.44,29477.95,8.48,-,26.36
http://topic.eastmoney.com/SZBCWLIPO/,,&nbsp;,6.31,-,86050.66,7.8472,5.2412,0.9811,0.46,4427.12,3.61,-,9.02
http://topic.eastmoney.com/yzcxkj2014/,,&nbsp;,7.62,-,51652.93,8.998,5.7063,11.8878,1.56,17056.61,2.94,2.1,31.92
http://topic.eastmoney.com/shdy/,,&nbsp;,2.79,-,99610,16.4397,8.2699,9.0018,2,638.16,4.33,-,28.86
http://topic.eastmoney.com/jtgj2011/,,&nbsp;,5.91,-,36357.48,7.7262,3.7256,0.593,0.05,6943.69,2.1,0.09,1.48
http://topic.eastmoney.com/GYYHIPO/,,&nbsp;,7.76,-,410797.26,2381.9655,141.3388,77.0519,32.4,124622,78.44,1.79,26.37
http://topic.eastmoney.com/gxgbdsxxwl/,,&nbsp;,1.46,-,196034.86,54.78,21.1994,5.6022,1.12,2530.36,5.52,-,-
http://topic.eastmoney.com/yhmj/,,&nbsp;,2.8,-,15937.6,3.3531,2.1004,4.4793,0.38,1791.61,1.05,0.51,20.02
http://topic.eastmoney.com/dwkj2014/,,&nbsp;,7.01,-,27000,4.0006,3.2532,0.5763,0.11,7684.75,1.8,-,-
http://topic.eastmoney.com/cjwl/,,&nbsp;,2.49,-,83627.75,21.1334,9.9448,9.2128,0.75,346.51,4.1,-,8.01
http://topic.eastmoney.com/dzhbkj/,,&nbsp;,4.83,-,18015.42,2.7352,2.5372,1.2165,0.38,4039.12,1.44,0.72,16.18
http://topic.eastmoney.com/zgdy2014/,,&nbsp;,3.42,-,466052,108.9148,54.4368,72.9653,10.36,59875.03,24.92,0.62,20.1
http://topic.eastmoney.com/xhwx/,,&nbsp;,6.11,-,141800,105.6789,68.9943,13.4198,1.64,207300.24,18.56,0.15,2.44
http://topic.eastmoney.com/ybxkj/,,&nbsp;,4.43,-,22447.12,3.4654,2.8079,0.7417,0.15,2062.04,1.91,-,6.89
http://topic.eastmoney.com/xflh/,,&nbsp;,5.52,-,109825.3,18.0896,13.2112,3.6329,0.18,55351.75,4.84,-,-
http://topic.eastmoney.com/hzzg/,,&nbsp;,2.64,-,78327,22.4682,9.1962,2.4722,0.02,29019.12,2.42,-,-
http://topic.eastmoney.com/ZHJFSWKJ/,,&nbsp;,1.52,-,43792.9,7.2347,6.1096,1.256,0.47,12.59,1.74,-,-
http://topic.eastmoney.com/zqgf/,,&nbsp;,4.21,-,25164.36,6.0074,2.7686,0.8735,0.09,421.59,1.86,-,-
http://topic.eastmoney.com/JSYHIPO/,,&nbsp;,6.27,-,712915.49,12903.3334,655.3456,280.4707,95.05,1009737.3,192.51,-,15.72
http://topic.eastmoney.com/sxxc/,,&nbsp;,2.37,-,26750,3.0248,2.468,0.6427,0.08,4259.2,0.87,-,-
http://topic.eastmoney.com/CXJS2014/,,&nbsp;,3.99,-,27215.44,6.4296,2.4007,1.3461,0,6455.45,1.07,-,-
http://topic.eastmoney.com/fjbsrj/,,&nbsp;,4.51,-,17033.9,2.5467,2.3168,0.2335,0.02,4107.86,1.25,-,-
http://topic.eastmoney.com/hfdz/,,&nbsp;,3.77,-,16269.43,4.4654,2.2949,0.6862,0.03,321.59,1.49,-,-
http://topic.eastmoney.com/cakj/,,&nbsp;,5.25,-,39877.51,7.7814,3.4023,4.1302,0.92,8665.92,1.58,1.3,27.59
http://topic.eastmoney.com/hbzxgckj/,,&nbsp;,4.19,-,-,7.3711,3.2211,3.7574,0.45,6261.71,1.61,-,-
http://topic.eastmoney.com/jhbzkj2014/,,&nbsp;,2.94,-,25144,6.2025,2.7267,-,-,3596.53,1.28,-,-
http://topic.eastmoney.com/hqys/,,&nbsp;,2.95,-,46151,14.5602,7.0628,12.3796,0.7,16684.65,2.35,0.29,10.41
http://topic.eastmoney.com/kdgcrjipo/,,&nbsp;,3.85,-,25413,4.3594,2.6371,-,-,6357.07,1.21,-,-
http://topic.eastmoney.com/sdfyhxipo/,,&nbsp;,5.67,-,27407.11,4.6923,4.1197,-,-,7239.6,2.34,-,-
http://topic.eastmoney.com/ask/,,&nbsp;,3.83,-,20850,2.9108,2.3583,0.3485,0.06,3513.46,1.32,-,2.52
http://topic.eastmoney.com/smkj/,,&nbsp;,4.56,-,32112.13,3.191,2.2815,2.2487,0.55,1882.31,1.38,-,27.32
http://topic.eastmoney.com/lllt/,,&nbsp;,4.36,-,258508,165.8184,43.6812,87.337,6.77,37135.11,26.38,0.68,15.25
http://topic.eastmoney.com/XHTDQKJ2014/,,&nbsp;,4.12,-,29015.2,5.7508,4.8788,-,-,2165,3.01,-,-
http://topic.eastmoney.com/hhxc/,,&nbsp;,3.47,-,36338.96,3.5362,2.935,0.6529,0.12,3163.89,1.62,-,4.25
http://topic.eastmoney.com/hssm/,,&nbsp;,3.93,-,67172.8,12.2481,6.9196,4.6546,0.33,6719.9,3.94,-,-
http://topic.eastmoney.com/hcgc/,,&nbsp;,3.98,-,22278.45,3.9843,3.1281,-,-,1715.11,2.05,-,-
http://topic.eastmoney.com/SXDKJIPO/,,&nbsp;,6.94,-,-,5.1945,4.8554,2.0374,0.92,5055.61,3.3,-,-
http://topic.eastmoney.com/wgdz/,,&nbsp;,9.29,-,24646,5.178,4.2947,-,-,4142.86,3.08,-,-
http://topic.eastmoney.com/xgyy/,,&nbsp;,5.16,-,21178,3.9961,3.4764,-,-,4782.85,2.03,-,-
http://topic.eastmoney.com/cqxkgy/,,&nbsp;,3.46,-,135180,124.3873,31.9682,105.5448,3.89,48388.03,12.9,0.5,15.67
http://topic.eastmoney.com/hnsdkj/,,&nbsp;,3.04,-,27031.47,3.4507,2.339,-,-,5033.09,0.94,-,-
http://topic.eastmoney.com/hqyw2012/,,&nbsp;,4.25,-,25668.52,5.8665,3.1888,4,0.35,291.64,2.15,-,11.6
http://topic.eastmoney.com/hghjjt2014/,,&nbsp;,4.47,-,26565.84,4.5605,3.356,4.5961,0.48,8073.09,1.55,-,15.42
http://topic.eastmoney.com/ZHGYJS2014/,,&nbsp;,2.87,-,540336.8,571.6021,67.5056,409.7002,9.13,-12136.26,26.74,-,-
http://topic.eastmoney.com/jzyhwxt/,,&nbsp;,4.39,-,72098.64,6.4109,4.1643,-,-,2812.54,2.64,-,-
http://topic.eastmoney.com/skstl/,,&nbsp;,7.31,-,34349.82,9.8233,5.3431,2.1291,-0.14,1126.6,4.11,-,-2.55
http://topic.eastmoney.com/xjts/,,&nbsp;,4.83,-,21917,4.523,2.7442,-,-,6521.46,1.43,-,-
http://topic.eastmoney.com/htsdkj/,,&nbsp;,5.37,-,27410.4,4.274,3.0495,-,-,9256.83,1.39,-,-
http://topic.eastmoney.com/zyjx2014/,,&nbsp;,5.02,-,66486,10.6108,5.3999,-,-,6998.48,3.18,-,-
http://topic.eastmoney.com/dwjy2014/,,&nbsp;,5.98,-,21125.82,4.4892,3.8541,-,-,7755.89,2.14,-,-
http://topic.eastmoney.com/sfllzb2014/,,&nbsp;,4.62,-,46504,8.6107,7.1583,7.3737,1.26,6930.27,4.66,0.81,19.11
http://topic.eastmoney.com/blgckj/,,&nbsp;,2.74,-,86993.9,10.6951,4.2387,2.72,0.38,1817.74,2.12,-,9.32
http://topic.eastmoney.com/wlptj/,,&nbsp;,3.53,-,70470.13,14.6078,5.2978,-,-,-,3.41,-,-
http://topic.eastmoney.com/dycyzq2014/,,&nbsp;,3.12,-,&nbsp;,332.7352,65.75,25.485,9.53,187296.95,12.33,0.52,18.15
http://topic.eastmoney.com/sjkj/,,&nbsp;,4.31,-,22526.76,3.4575,2.5867,4.624,0.54,5934.83,1.19,0.9,22.11
http://topic.eastmoney.com/JGDQIPO/,,&nbsp;,4.8,-,23874,4.7212,3.219,2.6196,0.51,5817.29,1.69,-,17.34
http://topic.eastmoney.com/hjsdbhipo/,,&nbsp;,3.52,-,68240.25,20.6865,6.3446,27.4151,1.04,1788.1,4.02,0.58,17.32
http://topic.eastmoney.com/SHXRSWIPO/,,&nbsp;,5.72,-,113639.36,17.7476,6.4299,10.19,1.25,9749.66,3.98,-,21.41
http://topic.eastmoney.com/dlkjipo/,,&nbsp;,4.1,-,41979.1,13.9479,6.3731,7.3304,3.05,397.01,3.96,-,60.21
http://topic.eastmoney.com/alw2012/,,&nbsp;,6.72,-,37440.8,4.3699,3.4912,4.6967,0.82,1985.2,2.38,-,26.07
http://topic.eastmoney.com/yhltzkipo/,,&nbsp;,2.83,-,32821.27,4.207,2.1197,4.7791,0.66,3948.48,0.72,-,29.47
http://topic.eastmoney.com/temyjx/,,&nbsp;,7.23,-,50180.62,8.6749,5.0736,3.7859,0.4,7213.11,3.18,-,8.26
http://topic.eastmoney.com/xmxbz/,,&nbsp;,5.2,-,25970,8.7477,3.1228,4.4828,0.5,9549.07,1.41,0.83,17.22
http://topic.eastmoney.com/zjldjt/,&nbsp;0.0422,0.0095,6.25,-,29800,8.5201,4.4402,7.2368,0.61,224.91,3.51,0.86,14.85
http://topic.eastmoney.com/whdzkj/,&nbsp;0.0319,0.0248,4.31,-,20971.72,2.1244,1.9374,1.3058,0.52,223.74,1.27,-,30.29
http://topic.eastmoney.com/dyby/,&nbsp;0.0369,0.0092,4.53,-,-,5.496,3.395,5.8421,0.82,7686.93,1.63,1.09,26.13
http://topic.eastmoney.com/SHFKDQIPO/,&nbsp;0.0633,0.0108,2.82,-,-,16.9023,11.0439,27.8263,5.02,322.23,5.8,-,55.23
http://topic.eastmoney.com/dhqcdz/,&nbsp;0.0271,&nbsp;,4.54,-,-,4.5937,2.6743,3.1394,0.44,5633.59,1.32,-,17.07
http://topic.eastmoney.com/kpdkj/,0.0432,0.0103,4.5,0.05,32403.3,5.1928,3.3785,7.1087,0.83,6390.01,1.68,1.11,28.17
http://topic.eastmoney.com/jjwdz/,&nbsp;0.0484,0.0118,3.94,0.04,-,5.4783,3.9394,2.3968,0.89,350.78,2.45,-,25.45
http://topic.eastmoney.com/jssftgsipo/,0.0612,0.01,2.72,0.06,27326.19,7.6484,4.5065,5.4823,0.46,5446.02,2.14,0.28,10.72
http://topic.eastmoney.com/jlwjzp/,0.0447,0.0341,7.68,0.08,88353.6,20.0513,13.2013,16.7161,1.42,24364.94,8.16,0.84,11.51
http://topic.eastmoney.com/MJHKJIPO/,0.0484,&nbsp;,2.85,-,24569.63,5.5732,2.567,1.7087,0.32,810.42,1.44,0.35,13.12
http://topic.eastmoney.com/lhht/,&nbsp;0.0237,&nbsp;,5.74,-,21772.24,3.7397,2.5609,3.0982,0.71,3751.96,1.6,-,31.97
http://topic.eastmoney.com/bydq2012/,0.074,0.0115,3.78,-,117153,22.3791,13.6093,12.6388,1.72,1405.98,8.48,-,13.42
http://topic.eastmoney.com/cjnhg/,0.0458,&nbsp;,5.13,-,41906.53,5.344,3.5947,5.4596,0.42,9761.64,1.68,-,12.47
http://topic.eastmoney.com/XZHYKYIPO/,0.0713,0.0119,2.29,-,81994.14,21.9245,11.5237,5.9835,1.59,983,4.57,-,16.06
http://topic.eastmoney.com/jyzs2014/,,0.0115,9.22,-,50532.13,17.6975,5.8589,18.5347,0.78,21317.69,2.69,-,14.53
http://topic.eastmoney.com/jwj/,0.0742&nbsp;,0.0151,3.66,-,84273.68,18.5329,7.6817,11.8241,1.66,9757.61,4.2,0.79,24.09
http://topic.eastmoney.com/hzjd/,0.0471,0.0107,6.06,-,30791.81,5.4224,4.5441,2.2126,0.43,12274.13,2.27,-,10.04
http://topic.eastmoney.com/zjstlzy/,0.0487,0.0242,4.68,-,60817.86,13.9901,4.3724,4.9217,0.53,15656.67,1.52,-,11.52
http://topic.eastmoney.com/retwy/,0.0468,0.0126,4.74,-,63955.6,8.2475,5.6858,6.0099,1.09,9106.8,3.22,-,20.6
http://topic.eastmoney.com/qhwysp/,0.0533,0.012,&nbsp;,-,33883.41,7.2412,4.675,6.2359,0.67,9656.03,2.28,-,15.32
http://topic.eastmoney.com/tcssxy/,0.0769,0.0163,3.82,-,63317.18,13.5682,8.214,8.1065,0.59,27930.18,2.81,-,7.11
http://topic.eastmoney.com/lyyy/,0.045,0.015,7.29,-,63630,34.711,7.0812,48.9658,0.78,14083.65,4.34,0.8,11.47
http://topic.eastmoney.com/nfcbcm/,0.133,0.0142,4.01,-,98974,67.8067,28.3596,20.001,2.03,26342.4,11.45,0.27,8.73
http://topic.eastmoney.com/dfss/,0.07%,0.0166,1.7,-,188273.18,17.4578,8.1069,-,-,4911.96,2.13,-,-
http://topic.eastmoney.com/hsxxyybz/,&nbsp;0.0222,&nbsp;,6.37,0.05,26476.99,3.2446,2.563,2.1499,0.44,6767.16,1.35,-,18.45
http://topic.eastmoney.com/szsjyjy/,0.023,&nbsp;,6.88,-,32049.45,3.8743,3.3385,1.6162,0.28,12326.45,1.38,-,8.45
http://topic.eastmoney.com/gzgl/,,&nbsp;,5.74,0.08,25517.8,6.7054,2.9135,-,-,5775.69,1.68,-,-
http://topic.eastmoney.com/gksh2011/,0.1924,0.0406,&nbsp;,-,-,5.9306,3.7318,&nbsp;,&nbsp;,7061.05,2.13,&nbsp;,&nbsp;
http://topic.eastmoney.com/BJQJYLIPO/,0.1714&nbsp;,0.0508,7.41,0.07,-,9.1089,4.4467,6.0328,0.81,12976.81,2.32,1.35,20.12
http://topic.eastmoney.com/JSJSYHIPO/,0.2472,0.0372,3.52,0.06,-,41.7699,16.6217,&nbsp;,&nbsp;,68416.58,4.55,&nbsp;,&nbsp;
http://topic.eastmoney.com/stwl/,0.1854,0.0347,3.52,0.02,-,3.1035,2.879,0.3441,0.08,1097.78,1.53,&nbsp;,2.85
http://topic.eastmoney.com/thdzkj2014/,&nbsp;0.1751,0.0435,3.01,-,-,2.367,1.772,&nbsp;,&nbsp;,3903.87,0.69,&nbsp;,&nbsp;
http://topic.eastmoney.com/hzkj/,&nbsp;0.1691,0.0449,4.43,0.05,-,7.0103,3.1784,0.844,0.09,12521.52,1.04,&nbsp;,2.78
http://topic.eastmoney.com/szhybzipo/,&nbsp;0.2083,0.0472,4.86,0.05,-,8.5915,4.8897,&nbsp;,&nbsp;,12242.52,2.45,&nbsp;,&nbsp;
http://topic.eastmoney.com/yhrj/,0.1378,0.0355,3.89,0.05,-,6.8959,2.8305,3.6571,0.59,3300.24,1.15,0.93,22.69
http://topic.eastmoney.com/SYTLMBIPO/,337,0.0718,2.56,0.09,89302.95,15.1965,12.0654,18.4377,2.49,749.21,7.18,&nbsp;,22.68
http://topic.eastmoney.com/hnsw/,0.3997,0.0432,7.18,0.04,127427.4,10.5254,8.6171,3.1542,1.18,10747.09,5.88,0.98,14.48
http://topic.eastmoney.com/msstjg/,0.2913,0.0631,8.39,0.05,74890.53,11.0807,4.8457,3.0052,0.65,6065.8,3.43,1.29,&nbsp;
http://topic.eastmoney.com/sdjzgcsj/,183,0.0448,2.75,0.02,16889.23,2.6882,1.7556,&nbsp;,&nbsp;,964.56,0.89,&nbsp;,&nbsp;
http://topic.eastmoney.com/SZYBSIPO/,0.2366,0.0487,6.49,0.05,50112.29,23.0073,6.4631,15.9518,0.46,16012.31,3.34,&nbsp;,7.33
http://topic.eastmoney.com/XMWLSIPO/,64,0.04,3.47,0.04,25598.96,10.0515,5.5853,4.6734,0.13,13582,2.4,&nbsp;,&nbsp;
http://topic.eastmoney.com/klk2012/,0.2229,0.0504,3.56,-,33147.41,6.3067,4.549,3.6031,0.25,6896.29,2.34,&nbsp;,5.58
http://topic.eastmoney.com/qxjsjt/,0.2683,0.1716,5.22,-,53113.25,26.9807,9.3942,&nbsp;,&nbsp;,22056.96,4.96,&nbsp;,&nbsp;
http://topic.eastmoney.com/jxfxyyipo/,0.1627,0.0511,5.6,-,24091,7.1758,3.2616,&nbsp;,&nbsp;,9536.84,1.62,&nbsp;,&nbsp;
http://topic.eastmoney.com/zkcd/,0.2368,0.0383,4.94,0.04,75220,5.6447,4.0486,&nbsp;,&nbsp;,7145.92,2.38,&nbsp;,&nbsp;
http://topic.eastmoney.com/dzcbcm/,0.2545,0.0464,5.44,0.06,50407.61,13.671,10.8369,3.7184,0.38,17253.9,6.02,0.23,4.2
http://topic.eastmoney.com/bmdz/,0.234,0.0432,4.46,0.05,62024.42,14.6836,5.6002,5.1487,0.32,8477.09,3.25,&nbsp;,5.92
http://topic.eastmoney.com/dszcsb/,0.3156,0.0569,3.17,0.05,51616,8.7173,4.7056,3.561,0.16,3825.01,2.57,0.12,3.99
http://topic.eastmoney.com/ajsp/,0.2761,0.0498,4.17,0.08,-,4.088,3.8878,&nbsp;,&nbsp;,8619.69,1.93,&nbsp;,&nbsp;
http://topic.eastmoney.com/BBYZ2014/,0.2318,0.0398,2.68,0.05,-,2.6995,1.9974,1.4201,0.28,3987.52,0.7,&nbsp;,35.39
http://topic.eastmoney.com/shrxkj/,&nbsp;0.1470,0.0361,3.05,0.03,-,5.3769,2.7213,&nbsp;,&nbsp;,7234.38,1.01,&nbsp;,&nbsp;
http://topic.eastmoney.com/sfhw/,0.1484,0.0326,4.14,0.06,-,2.5259,2.0696,1.352,0.09,3800.12,1.08,&nbsp;,4.58
http://topic.eastmoney.com/zjkj/,0.1621,0.0407,5.28,0.07,-,4.8416,3.6393,3.4549,0.41,4375,2.3,&nbsp;,11.97
http://topic.eastmoney.com/klhg2011/,0.218,0.0491,11.07,0.16,error,11.9533,7.6751,8.8428,1.19,2728.86,4.61,1.71,16.46
http://topic.eastmoney.com/hfgj/,0.1512,0.1815,6.49,0.02,23030,4.1942,3.2465,1.7323,0.68,366.77,2.42,&nbsp;,22.2
http://topic.eastmoney.com/GLKJIPO/,0.1599,0.0511,4.22,0.02,14156.41,3.6344,2.9201,1.2731,0.34,6555.44,1.37,0.49,12.34
http://topic.eastmoney.com/jcx/,?0.7811,error,6.43,-,272964.65,32.7195,18.1724,27.8663,2.83,38328.16,9.94,&nbsp;,17.04
http://topic.eastmoney.com/HDWLIPO/,0.3463,0.0906,3.65,0.06,28849,7.0369,3.5738,12.1468,0.49,9977.9,1.25,0.54,14.78
http://topic.eastmoney.com/tczk/,0.2724,0.0758,2.92,0.09,23396,4.0283,2.1895,3.0994,0.32,1667.95,1.15,0.43,15.9
http://topic.eastmoney.com/zfxjsipo/,&nbsp;0.4137,0.0888,7.06,0.03,41496,4.8148,2.4549,&nbsp;,&nbsp;,6009.54,1.38,&nbsp;,&nbsp;
http://topic.eastmoney.com/XALXKJIPO/,0.4727,0.0887,6.41,0.06,25533,4.7658,3.8448,2.8604,0.6,14755.42,1.57,1,16.57
http://topic.eastmoney.com/DJZNWLZB/,0.3668,0.0758,3.64,0.04,32012,6.4522,3.8103,&nbsp;,&nbsp;,4285.91,2.11,&nbsp;,&nbsp;
http://topic.eastmoney.com/WFSW2014/,0.3894,0.0602,4.75,-,error,4.1936,3.336,0.7955,0.2,8551.07,1.61,&nbsp;,11.4
http://topic.eastmoney.com/hcdzcl/,0.4675,0.0868,3.82,-,14599,3.1194,2.4065,0.9256,0.11,3347.2,1.32,&nbsp;,&nbsp;
http://topic.eastmoney.com/stjt/,0.2713,0.0901,3.61,-,28176.39,error,error,error,error,error,error,error,error
http://topic.eastmoney.com/kzjy/,0.6946,0.1058,&nbsp;,-,97569.49,36.6162,22.7884,22.5855,4.22,14551.1,14.44,0.78,20.07
http://topic.eastmoney.com/wlwl/,0.3062,0.0756,error,-,48999.74,37.4219,9.7584,4.3611,1.11,16230.44,4.55,0.32,12.07
http://topic.eastmoney.com/HQTXYIPO/,0.7693,0.1376,4.78,-,97470.07,27.6435,16.7132,31.2796,3.28,&nbsp;,12.63,&nbsp;,21.1
http://topic.eastmoney.com/gtjazq/,1.5742,0.8929,6.89,0.14,&nbsp;,3193.0245,472.9867,178.816,71.72,121954.43,222.59,&nbsp;,18.04
http://topic.eastmoney.com/wsyy2011/,0.3154,0.0901,5.04,-,21150.26,4.1623,2.3128,3.8788,0.32,5639.54,1.18,&nbsp;,14.49
http://topic.eastmoney.com/gdbbl/,&nbsp;0.6035,0.1208,5.15,-,65377.62,5.3629,3.4219,1.6264,0.32,8219.94,1.42,0.4,7.53
http://topic.eastmoney.com/szwkyl/,174,0.1062,6,-,48939,12.9698,5.4033,9.447,0.9,12704.89,2.9,1,18.12
http://topic.eastmoney.com/BJZSTKJIPO/,2771,0.0521,4.49,-,26260,7.4146,2.6963,5.8178,0.47,4925.75,1.41,0.78,18.59
http://topic.eastmoney.com/plt2010/,0.4091,0.0667,7.24,-,error,223.5784,4.018,31.3258,1.08,6405.57,2.56,&nbsp;,29.1
http://topic.eastmoney.com/gekj/,200,0.1088,5.35,-,38815.98,6.9172,3.2111,6.8279,0.63,8453.33,1.57,1.05,21.68
http://topic.eastmoney.com/ssyy/,&nbsp;0.3663,&nbsp;,&nbsp;,-,108094.47,7.1835,6.4664,5.8985,2.02,9955.06,4.11,2.25,36.15
http://topic.eastmoney.com/khyy2012/,6.21,0.5418,3.98,-,67292.92,19.4088,16.1177,&nbsp;,&nbsp;,14293.11,8.62,&nbsp;,&nbsp;
http://topic.eastmoney.com/zxjy/,0.2191,0.081,4.44,-,42603.81,10.6114,4.9805,3.835,0.91,16251.04,2.08,&nbsp;,20.08
http://topic.eastmoney.com/hjhs/,0.3292,0.2126,4.16,0.04,41629.3,14.175,4.5786,12.4084,0.8,8102.45,2.37,0.73,19.17
http://topic.eastmoney.com/yfccsb/,0.2574,0.1355,5.33,0.02,26814.6,5.5825,3.9948,4.7435,0.61,12655.1,1.65,0.82,16.73
http://topic.eastmoney.com/bgbzgf/,0.453,0.1077,2.19,0.02,84444.67,48.5553,14.9146,&nbsp;,&nbsp;,37199.79,3.21,&nbsp;,&nbsp;
http://topic.eastmoney.com/ssdzjs/,0.276,0.0786,3.22,0.01,17265.46,2.546,1.9667,0.8984,0.13,878.52,1.13,&nbsp;,&nbsp;
http://topic.eastmoney.com/shkj/,&nbsp;0.4610,0.1498,5.33,0.02,75931,12.8519,5.8576,10.8673,1.03,23218.42,2.24,&nbsp;,18.46
http://topic.eastmoney.com/fxdeqcipo/,0.5936,0.1773,9.69,0.01,76482.71,10.8252,7.4115,6.7448,1.33,34448.37,2.66,&nbsp;,19.53
http://topic.eastmoney.com/wxxykj/,0.3514,0.1119,3.74,0.03,26341.89,3.173,1.9318,0.4342,0.06,3828.98,0.95,&nbsp;,3.29
http://topic.eastmoney.com/hqhp/,&nbsp;0.5263,0.9922,10.26,0.04,71728,14.5246,5.7116,1.5795,0.27,7777.37,3.92,&nbsp;,&nbsp;
http://topic.eastmoney.com/zxxxfz/,0.2555,0.0621,3.18,0.02,37037,4.3324,1.4568,0.2411,-0.21,1.03,0.77,&nbsp;,-13.6
http://topic.eastmoney.com/xfdzjs/,0.3477,0.2008,3.9,0.02,31866,3.9039,2.9223,3.0672,0.67,4373.61,1.44,0.89,24.19
http://topic.eastmoney.com/slsy/,119,0.092,4.28,-,39008.44,10.8991,5.8694,7.7078,0.65,15878.47,2.59,&nbsp;,11.65
http://topic.eastmoney.com/fxnm/,0.345,0.165,5.98,0.02,25389.2,9.3069,3.9472,5.222,0.37,11046.82,1.92,0.56,9.88
http://topic.eastmoney.com/ZGHNDLIPO/,21,0.3535,1.92,0.02,15859700,2299.3882,487.6167,&nbsp;,&nbsp;,379422.4,65.81,&nbsp;,&nbsp;
http://topic.eastmoney.com/lcsw/,0.2955,0.1443,2.57,-,93076.98,66.0474,15.6918,2.2821,0.55,17725.22,6.84,&nbsp;,&nbsp;
http://topic.eastmoney.com/gxxjclipo/,0.271,0.1531,4.86,0.01,29385.97,4.2132,2.4298,5.7296,0.46,4377.79,1.25,0.92,20.81
http://topic.eastmoney.com/hzkj2011/,224,0.218,5.08,0.03,24431.39,10.3412,3.9059,&nbsp;,&nbsp;,1952.56,2.58,&nbsp;,&nbsp;
http://topic.eastmoney.com/ahjlkjipo/,0.2734,0.1634,3.9,0.03,40470.3,8.3074,5.8069,1.0175,0.29,7929.59,3.22,&nbsp;,4.92
http://topic.eastmoney.com/SCRLMFJIPO/,0.3336,0.1871,8.48,-,41000,4.8323,3.5572,0.8343,0.16,2663.24,2.56,&nbsp;,4.75
http://topic.eastmoney.com/xhjmzz/,0.2816,0.1531,4.17,0.03,18858.2,5.1586,2.5874,3.9159,0.4,7130.8,1.08,0.65,15.87
http://topic.eastmoney.com/LDDLCD2014/,0.2883,0.2058,3.68,-,78040.51,11.6545,5.9534,7.8069,0.84,25384.6,1.4,0.52,&nbsp;
http://topic.eastmoney.com/SZHJJTIPO/,0.3665,0.1989,4.44,0.04,66224.69,16.2879,7.6162,4.991,0.83,19485.38,3.58,&nbsp;,10.97
http://topic.eastmoney.com/JFLBFYTYP/,0.2948,0.1667,7.55,0.04,39659.6,4.4309,3.8516,4.0692,0.94,5356.86,2.5,&nbsp;,27.37
http://topic.eastmoney.com/dxajf/,0.2278,0.1812,4.55,0.04,28056.4,6.7986,4.0985,6.7211,0.45,8478.33,2.09,0.5,11.67
http://topic.eastmoney.com/sdshhg/,0.2956,0.071,6.51,0.04,70785.96,21.2936,10.6925,6.7312,0.26,17665.62,5.44,0.16,2.35
http://topic.eastmoney.com/SHJQXXIPO/,0.2132,0.077,4.02,0.03,21023.96,5.941,2.6549,5.8794,0.38,6044.51,1.23,0.58,15.31
http://topic.eastmoney.com/YCZNSBIPO/,0.3499,0.1096,5.35,0.06,43200,10.194,4.02,8.8785,0.74,12974.32,1.75,0.99,20.2
http://topic.eastmoney.com/lkyyjt/,0.4139,0.0986,1.92,0.02,70299.04,5.5983,3.7413,5.764,1.5,930.14,1.35,0.77,35.18
http://topic.eastmoney.com/zjwmhbipo/,0.4607,0.0751,2.4,0.04,85320.96,28.1575,10.0754,&nbsp;,&nbsp;,240.52,5.49,&nbsp;,&nbsp;
http://topic.eastmoney.com/htjzaq/,0.3722,0.1043,4.1,0.03,38175.17,11.2864,6.2348,3.3358,0.85,21765.71,2.31,0.56,14.7
http://topic.eastmoney.com/ahyjgjipo/,0.7002,0.105,3.55,0.04,92612.29,38.8526,25.5609,29.5895,4.87,46006.82,12.54,0.68,20.7
http://topic.eastmoney.com/gwdrj/,0.295,0.0623,3.55,0.02,39370.08,6.7919,3.5542,9.9593,0.66,4004.44,1.96,0.66,19.49
http://topic.eastmoney.com/jxhk/,0.3059,0.0752,4.01,0.04,255800,79.3222,21.1916,66.4686,4.15,48898.82,8.76,0.86,23.71
http://topic.eastmoney.com/ylcm2014/,0.1691,0.0608,3.18,0.02,28132.5,5.919,3.228,14.246,0.51,1655.32,1.93,0.5,17.16
http://topic.eastmoney.com/hrylkj/,0.2799,0.0702,6.74,0.04,58192.27,10.8489,4.7563,13.585,0.75,10130.97,2.84,1.07,17.11
http://topic.eastmoney.com/wddz2012/,&nbsp;0.2644,0.1048,2.67,0.05,21667,2.238,1.6039,2.0262,0.85,2995.04,0.4,1.41,41.09
http://topic.eastmoney.com/sfjczx/,0.2716,0.0732,4.39,0.02,43991.86,3.7208,3.2921,3.3799,0.84,6669.74,1.58,1.12,27.85
http://topic.eastmoney.com/xywlkj/,0.1967,&nbsp;,3.57,0.01,31554.55,1.6657,1.1867,0.4273,0.15,3887.5,0.24,0.56,&nbsp;
http://topic.eastmoney.com/SMDQIPO/,0.3097,0.1157,4.39,-,-,4.1118,2.6738,0.4363,0.04,7053.47,1.23,0.07,1.53
http://topic.eastmoney.com/wksw/,0.3221,0.3685,5.33,-,99732,12.362,7.959,2.082,0.49,1060.17,5.96,0.33,6.01
http://topic.eastmoney.com/hmzn2014/,,&nbsp;,4.82,-,22303.64,3.9967,2.4895,1.8154,0.52,6108.41,1.18,1,21.95
http://topic.eastmoney.com/gdtjdqipo/,,&nbsp;,3.78,-,25700,4.401,2.8838,1.0031,0.16,4111.11,1.55,0.22,5.77
http://topic.eastmoney.com/zjhtyy/,,&nbsp;,6.65,-,25659.08,7.5699,2.7917,11.4389,0.46,8613.28,1.37,1.09,17.7
http://topic.eastmoney.com/nxjj/,,&nbsp;,4.23,-,46193.65,6.2773,3.4723,5.4311,0.63,5665.38,1.88,0.77,&nbsp;
http://topic.eastmoney.com/tzjj/,,&nbsp;,3.9,-,18729.91,2.3633,1.9989,0.2397,0.05,7241.78,0.66,&nbsp;,2.5
http://topic.eastmoney.com/ahjt2012/,,&nbsp;,5.43,-,98719,11.6728,8.141,11.7382,1.83,8874.04,4.78,1.2,26
http://topic.eastmoney.com/ntcshg/,0.5811,0.1006,6.81,0.05,53721,13.0415,5.586,3.2732,0.36,6508.56,3.75,&nbsp;,&nbsp;
http://topic.eastmoney.com/plk2012/,0.506,0.0942,5.7,0.1,57117,8.3772,6.8359,4.7569,1.4,5309.44,4.54,1.17,20.83
http://topic.eastmoney.com/jhhj/,0.2996,0.0873,1.83,0.06,32300,5.6957,2.8801,4.12,0.51,&nbsp;,1.29,0.32,18.92
http://topic.eastmoney.com/ydhg/,0.4134,0.0992,6.91,0.06,53938.99,8.1941,5.1104,8.4836,0.6,12340.26,2.8,&nbsp;,12.42
http://topic.eastmoney.com/hlswjs/,0.3078&nbsp;,0.1253,2.61,0.05,41857,6.5448,5.585,2.8527,1,13499.96,1.63,&nbsp;,19.96
http://topic.eastmoney.com/XFKJ/,0.2977,&nbsp;,3.31,-,70104.14,17.2986,10.5248,9.0932,1.3,36901.23,1.53,&nbsp;,10.39
http://topic.eastmoney.com/sxylkj/,0.4127,0.1015,4.21,-,30042.9,3.8137,2.5027,3.222,0.5,3194.01,1.41,&nbsp;,21.37
http://topic.eastmoney.com/WXXDIPO/,0.4745,0.1049,5.63,-,36716.83,8.8004,2.9195,0.8538,0.25,11087.63,1.15,0.48,8.26
http://topic.eastmoney.com/dfxxsh/,0.3160119,0.1134,4.39,-,18277,5.8266,3.3361,4.7087,0.38,214.84,2.27,&nbsp;,11.77
http://topic.eastmoney.com/gxnh/,0.3158,0.1128,9.85,-,70071.47,21.6279,13.9019,12.143,1.53,37998.07,7.66,1.08,12.01
http://topic.eastmoney.com/lkdq/,0.3951,0.0972,4.19,0.06,79050.81,29.9573,15.0938,42.3077,3.44,8497.22,8.68,0.96,25.72
http://topic.eastmoney.com/gdhljtkj/,0.3389,0.0871,2.88,-,29661.26,6.6205,3.7183,0.9579,0.09,5227.81,1.74,&nbsp;,2.44
http://topic.eastmoney.com/jkgyhw/,0.3281,0.1089,5.18,-,26358,6.5754,4.1195,4.769,0.36,17225.45,1.45,&nbsp;,9.19
http://topic.eastmoney.com/yhkj/,,&nbsp;,4.32,-,20425.6,5.3328,2.5273,2.2501,0.51,4253.39,1.36,&nbsp;,22.21
http://topic.eastmoney.com/shyyfl/,,&nbsp;,5.09,-,15795.5,2.6639,1.772,2.3939,0.35,2221.69,1.06,&nbsp;,21.56
http://topic.eastmoney.com/cyrjgf/,,&nbsp;,6.75,-,20611.95,4.71,3.4702,0.6938,0.02,5741.44,2.13,&nbsp;,0.64
http://topic.eastmoney.com/ZGFL2014/,0.2996,0.0917,5.03,0.04,27928.58,4.6769,3.1781,4.5653,0.98,3665.06,1.94,1.54,35.89
http://topic.eastmoney.com/yxbx2012/,&nbsp;0.4784,0.1048,11.36,-,139800,20.1503,17.0351,40.1882,2.64,3820.44,13.18,1.76,16.73
http://topic.eastmoney.com/pls/,&nbsp;0.6197,0.1323,6.24,0.08,42121.84,7.4375,4.6764,4.2249,0.59,12460.07,2.53,0.79,13.57
http://topic.eastmoney.com/phny/,0.4541,0.1016,7.35,0.05,38908,8.0808,4.6461,7.0054,0.6,16497.44,2.2,0.96,13.91
http://topic.eastmoney.com/jsdfxcl/,0.4359,0.1263,4.34,0.08,15954.58,2.8726,2.2159,1.7283,0.32,1096.57,1.43,0.63,15.49
http://topic.eastmoney.com/yszs/,0.3387,0.1428,4.73,0.18,27604.78,6.1609,2.4902,4.3421,0.35,2537.18,1.48,0.67,14.89
http://topic.eastmoney.com/hpbl/,&nbsp;0.4677,0.2062,6.11,0.17,46315.13,15.2013,5.4597,7.0514,0.63,4447.4,3.39,0.73,12.38
http://topic.eastmoney.com/jsgdyxxx/,1.239,0.1341,3.63,0.04,470600,150.3056,93.2332,44.0225,8.49,483191.01,10.08,0.33,9.31
http://topic.eastmoney.com/hyafkj/,0.4626,0.1312,4.05,0.04,28407.5,3.7332,2.4309,3.8627,0.57,2599.35,1.39,0.95,26.22
http://topic.eastmoney.com/bdlkxcl/,0.4573,0.1673,5.29,0.05,11153.01,3.2856,2.4323,2.1054,0.77,55.49,1.74,&nbsp;,36.32
http://topic.eastmoney.com/sjdzipo/,0.7695,0.9123,3.83,0.07,48462.39,7.039,3.9595,5.4492,0.74,4606.13,2.19,0.72,20.21
http://topic.eastmoney.com/bsnyzb/,&nbsp;0.6846,0.2465,4.07,0.05,23496.3,4.8325,2.5818,2.4696,0.4,1168.56,1.64,&nbsp;,17.09
http://topic.eastmoney.com/CDYDKJIPO/,0.6057,0.2006,6.24,0.07,56452,7.831,5.2453,3.631,1.09,12219.16,2.82,&nbsp;,22.47
http://topic.eastmoney.com/qsykj/,&nbsp;0.4973,0.1237,4.13,0.06,17500,3.0665,2.3468,4.2455,0.37,2912.74,1.33,&nbsp;,&nbsp;
http://topic.eastmoney.com/lbxdyf/,0.5435,0.1475,4.84,-,105578.87,25.2968,10.8564,39.4288,2.38,14208.41,5.96,&nbsp;,22.91
http://topic.eastmoney.com/qmjj/,&nbsp;0.5748,0.241,3.48,0.08,50779.96,9.6091,6.3118,10.9376,1,12363.06,2.98,0.55,16.95
http://topic.eastmoney.com/SZGLSFSIPO/,&nbsp;0.8040,0.2449,5.19,0.14,72819.66,8.0024,6.2289,5.375,1.03,21971.65,2.43,0.86,16.17
http://topic.eastmoney.com/xgnj/,&nbsp;0.6635,0.2646,3.55,-,49789,8.3236,5.3236,5.7631,1.26,12712.53,2.02,0.84,23.87
http://topic.eastmoney.com/ZJSYKJIPO/,0.4511,0.2381,3.93,-,30550,5.9401,2.7063,3.9768,0.55,2027.03,1.65,0.8,22.62
http://topic.eastmoney.com/hljzbdyy/,0.8283,0.1897,6.04,-,-,36.0408,21.7261,15.9291,4.64,28692.81,13.89,1.33,24.01
http://topic.eastmoney.com/psrq/,0.3188,0.1697,3.18,-,-,6.5706,2.871,3.6245,0.36,2967.1,1.49,0.4,13.26
http://topic.eastmoney.com/dhkjgf/,0.6184,0.1984,2.29,0.13,51825.9,10.1102,9.2384,6.6352,2.18,181.16,4.18,0.55,26.44
http://topic.eastmoney.com/njqxcskj/,&nbsp;0.4324,0.1419,4.53,0.09,21025.71,3.3423,2.7546,2.0518,0.49,972.92,1.84,0.81,&nbsp;
http://topic.eastmoney.com/KSTYBKJIPO/,0.5179,0.1809,5.72,-,19538.97,2.4587,1.7493,1.4088,0.35,3.41,1.27,1.14,21.77
http://topic.eastmoney.com/lwjlfd/,0.5403,0.4868,9.35,0.09,33399,6.2246,4.2083,4.5483,0.91,10982.97,2.39,2.03,24.39
http://topic.eastmoney.com/NBMKSWIPO/,0.5961,0.1444,4.87,0.06,83600,6.2125,4.1513,5.9785,1.37,2.35,2.95,&nbsp;,38.79
http://topic.eastmoney.com/gstyy/,&nbsp;0.3036,0.296,2.8,0.07,25883.3,2.2411,1.5687,2.5447,0.84,42.8,0.8,1.5,59.07
http://topic.eastmoney.com/hxhkkj/,0.4303,0.1398,3.85,-,33523.1,8.5426,4.5006,5.0911,0.81,37.18,3.19,&nbsp;,19.39
http://topic.eastmoney.com/sxjt2012/,0.5264,0.1808,2.66,0.13,52510.47,23.4133,9.7236,18.7047,1.1,2898.47,5.44,0.31,12.29
http://topic.eastmoney.com/hbgk/,&nbsp;0.1956,0.1064,6.04,0.1,27677.11,6.8715,3.2029,5.6289,0.57,6808.03,1.86,1.07,19.43
http://topic.eastmoney.com/ztsl2014/,415,0.0737,4.48,0.1,26020,6.9633,2.9758,4.3277,0.8,4180.53,1.74,1.34,30.03
http://topic.eastmoney.com/bbwly/,0.5262,0.1935,2.65,0.06,27550,6.6405,4.5681,2.4394,0.43,11345.8,1.62,0.26,9.62
http://topic.eastmoney.com/jhslyfz2014/,0.7221,0.2412,6.27,0.06,30516.6,9.2853,5.2056,3.169,0.53,5607.06,3.4,&nbsp;,10.58
http://topic.eastmoney.com/ltqc/,&nbsp;0.9024,0.3624,4.33,0.12,33746.2,5.8123,3.569,5.5244,0.92,2768.77,2.2,1.12,29.26
http://topic.eastmoney.com/qzjzzs/,0.8299,0.3316,3.52,0.08,53800.04,16.4001,4.2358,18.118,0.77,2756.16,2.52,&nbsp;,19.62
http://topic.eastmoney.com/apxl/,1.1603,0.2646,7.07,0.06,75740,10.7807,8.6099,12.6898,1.28,25364.86,4.45,&nbsp;,15.52
http://topic.eastmoney.com/shcljtipo/,1.2202,0.5182,4.78,0.12,100725,20.3513,11.9887,9.8165,1.34,24981.07,5.99,0.54,11.32
http://topic.eastmoney.com/bjbfkjipo/,&nbsp;0.3432,0.0907,3.19,0.03,60150,4.5333,2.8916,3.8621,0.42,4643.98,1.39,&nbsp;,15.78
http://topic.eastmoney.com/qldzxcl/,0.7446,0.2702,4.1,0.05,27393,3.6937,2.6294,2.7593,0.68,4399.47,1.47,&nbsp;,&nbsp;
http://topic.eastmoney.com/KMLJYYIPO/,0.6441,0.4252,5.31,0.11,34500,4.2025,2.6526,1.2992,0.43,442.03,1.82,0.87,15.5
http://topic.eastmoney.com/SCGGNHIPO/,0.6873,2.1212,6.88,0.15,35535,4.9556,4.1293,5.8351,1.24,71.56,3.26,2.06,34.38
http://topic.eastmoney.com/asdzdh/,0.3913,0.1208,2.99,0.09,18106.18,4.1986,2.7013,3.6668,0.24,2966.46,1.37,0.28,9.65
http://topic.eastmoney.com/LYGG2011/,0.538,0.2348,10.44,0.07,43332.95,7.2398,5.222,8.65,0.55,7256.25,3.72,1.12,11.37
http://topic.eastmoney.com/jslbsy/,239,0.4386,6.16,0.1,22165.01,5.8014,3.6954,5.6262,0.43,5993.38,2.29,&nbsp;,12.35
http://topic.eastmoney.com/gdsftcipo/,0.5891,0.5208,4.39,0.14,23668,3.7767,2.8953,3.0694,0.49,4769.55,1.6,&nbsp;,18.09
http://topic.eastmoney.com/nbtpjt/,1.1352,0.4833,2.84,0.09,139253,25.3698,15.0027,27.3686,4,19201.08,6.48,0.77,26.32
http://topic.eastmoney.com/dfzq/,1.6235,0.5941,4.29,0.02,978747.4,1075.3012,186.255,54.996,23.59,379610.7,43.83,&nbsp;,13.81
http://topic.eastmoney.com/fljx2014/,0.5704,0.2976,4.43,0.07,37698,7.6939,4.0051,6.9957,1.37,1550.84,2.57,&nbsp;,41.08
http://topic.eastmoney.com/bjcytipo/,0.5315,0.273,6.83,0.06,24653.2,7.2889,3.1162,3.1949,0.52,8570.64,1.63,1.14,18.24
http://topic.eastmoney.com/stxxjs/,0.6603,0.3359,4.88,0.1,30691.73,4.9464,2.959,6.9597,0.58,4517.48,1.64,&nbsp;,21.98
http://topic.eastmoney.com/htcxsm/,99,0.5519,5.45,0.12,27387.88,8.0967,4.0804,2.054,0.13,10800.13,2.08,0.18,3.47
http://topic.eastmoney.com/slsy2012/,0.6055,0.5952,5.82,0.18,48827.6,8.7064,5.2338,10.4789,0.82,7836.73,3.1,0.91,15.79
http://topic.eastmoney.com/lskj/,175,0.1949,12.23,0.08,362179.55,182.3843,74.1817,144.9701,11.76,1852.26,62.06,1.94,17.27
http://topic.eastmoney.com/jfqclbj2014/,0.4551,0.0979,2.03,0.07,69655,10.6677,7.826,10.2112,2.02,&nbsp;,&nbsp;,&nbsp;,&nbsp;
http://topic.eastmoney.com/tjyl/,1.1068,0.3178,5.09,0.08,64774.2,14.0254,7.7021,16.2665,1.19,28626.23,3.07,0.8,16.96
http://topic.eastmoney.com/kldzs/,0.9564,0.2676,4.9,0.1,51084.9,18.9693,4.7556,18.443,0.92,7620.56,2.82,&nbsp;,21.44
http://topic.eastmoney.com/hxkj/,0.7136,0.2601,3.5,-,53732.66,7.2023,5.3766,4.5705,0.94,18532.57,1.93,0.63,17.91
http://topic.eastmoney.com/yfdyf/,0.9233,0.2541,4.92,0.11,81588.21,12.5095,5.9576,22.3023,1.42,19773.6,2.56,&nbsp;,26.22
http://topic.eastmoney.com/hlkcyjj/,0.9067,0.2106,4.47,0.08,42970,5.6649,3.8188,9.0108,1.43,2003.67,2.54,&nbsp;,43.25
http://topic.eastmoney.com/hzdl/,1.1181,0.5674,5.45,0.15,57358,26.4553,8.7193,26.6807,1.26,33617.58,3.14,&nbsp;,14.91
http://topic.eastmoney.com/wlyl/,0.6096,0.1858,4.93,-,37884.76,5.258,3.7018,4.9641,0.68,8562.59,1.92,0.9,20.2
http://topic.eastmoney.com/jmzy/,0.5392,0.2849,3.56,0.12,37764,6.3004,4.4161,4.8831,0.58,14800.86,1.56,&nbsp;,12.33
http://topic.eastmoney.com/gjdzipo/,0.9299,0.2793,5.97,0.08,84624.2,35.7174,13.4333,38.7883,1.61,58637.54,4.96,0.72,12.78
http://topic.eastmoney.com/dxzq/,1.4416,0.2196,3.71,0.03,447377,426.0715,74.3531,25.9777,10.41,132475,24.97,0.52,15.43
http://topic.eastmoney.com/XMHXDLSBIPO/,0.9551,0.3206,4.85,0.07,18687.53,4.2405,3.2231,2.676,0.56,3492.51,1.97,0.85,18.82
http://topic.eastmoney.com/ZJTDYSIPO/,0.5147,0.2206,5.77,0.05,80925.81,9.1081,3.4728,4.0779,0.86,3115.46,2.34,&nbsp;,28.27
http://topic.eastmoney.com/lytzndq/,&nbsp;0.9039,0.3523,3.26,0.07,19023,4.7438,2.1484,3.0405,0.43,1049.18,1.25,&nbsp;,22.14
http://topic.eastmoney.com/gxbskhbkj/,86,0.165,4.4,0.06,31799.58,5.9567,2.0447,2.8031,0.31,2984.09,1.15,&nbsp;,16.35
http://topic.eastmoney.com/jslxtygq/,0.889,0.4274,3.67,0.06,30015.35,6.4363,3.2168,4.7099,0.54,12098.81,0.96,&nbsp;,15.54
http://topic.eastmoney.com/wykj/,61&nbsp;,0.3401,4,0.12,28120.22,3.2937,2.506,1.8986,0.31,8683.61,0.92,&nbsp;,13.2
http://topic.eastmoney.com/tfgtx/,0.6138,0.6397,5.51,0.07,28557,3.4511,3.2553,2.0064,0.89,6265.01,1.8,&nbsp;,31.08
http://topic.eastmoney.com/MLSGFIPO/,1.1371,0.2361,3.42,0.15,95239.76,51.9218,14.9777,40.0167,4.39,&nbsp;,&nbsp;,&nbsp;,&nbsp;
http://topic.eastmoney.com/fhgg101031/,0.7721,0.4297,error,error,error,30.4584,5.4581,18.3481,0.41,&nbsp;,&nbsp;,&nbsp;,&nbsp;
http://topic.eastmoney.com/sstzjc/,1.05,0.6824,8.99,0.18,43912.9,14.5234,6.8815,12.7081,1.01,&nbsp;,&nbsp;,&nbsp;,&nbsp;
http://topic.eastmoney.com/hndmkj/,201,0.1556,7.2,0.16,24420.8,6.1246,4.1699,2.3513,0.54,&nbsp;,&nbsp;,&nbsp;,&nbsp;
http://topic.eastmoney.com/xtgf2012/,0.39,0.1701,6.72,0.14,30500,14.9832,8.0274,17.3469,0.44,25085.52,4.02,0.37,5.68
http://topic.eastmoney.com/ghkjgf/,0.4,0.1938,4.08,0.18,32800,6.9972,3.6698,7.7358,0.68,2695.13,2.29,0.75,19.82
http://topic.eastmoney.com/zjhygyipo/,0.53&nbsp;,0.13,4.82,0.07,184085,81.4688,24.1431,32.7219,1.15,&nbsp;,&nbsp;,&nbsp;,&nbsp;
http://topic.eastmoney.com/cgwj/,7.89,0.23,2.93,-,148141.01,16.262,12.1298,23.4493,2.66,5448.78,6.4,0.68,26.43
http://topic.eastmoney.com/lmhw/,603686,0.24,4.14,-,46808.27,10.6739,4.5619,9.1507,1.03,220,3.16,&nbsp;,&nbsp;
http://topic.eastmoney.com/yyjj/,226,0.34,3.31,0.18,22392,4.7108,2.4849,6.7929,0.44,401.85,1.64,0.58,18.14
http://topic.eastmoney.com/jsjtipo/,0.68,0.47,5.44,-,34550,7.6446,3.5068,4.7246,0.64,&nbsp;,&nbsp;,&nbsp;,&nbsp;
http://topic.eastmoney.com/hfcy2012/,300419,0.28,&nbsp;,0.15,26684.77,2.9849,2.2329,1.9892,0.35,777.24,1.76,1.15,16.9
http://topic.eastmoney.com/sssy/,441.51,0.21,4.8,0.08,20956,3.9184,2.5909,1.7144,0.22,7573.43,1.17,0.45,9.02
http://topic.eastmoney.com/hjdz/,603678,0.25,4.49,-,38189,9.5294,5.9284,6.7545,1.04,267.89,4.35,&nbsp;,19.04
http://topic.eastmoney.com/nljx2014/,0.75&nbsp;,0.31,7.34,-,32469,9.4902,4.6394,9.1412,0.62,&nbsp;,&nbsp;,&nbsp;,&nbsp;
http://topic.eastmoney.com/zskj/,0.44&nbsp;,0.22,3.55,0.13,17710.09,2.5069,1.9212,1.6041,0.32,4795.84,0.85,&nbsp;,17.73
http://topic.eastmoney.com/xbhjgf/,0.76,0.23,2.32,0.1,140021.03,23.0067,11.6017,6.2761,0.48,&nbsp;,&nbsp;,&nbsp;,&nbsp;
http://topic.eastmoney.com/nhyq/,0.71,0.26,5.62,0.09,14951.54,2.0418,1.7786,0.9895,0.19,2842.15,1.09,&nbsp;,&nbsp;
http://topic.eastmoney.com/yzmjmjx/,1.08,0.43,3.96,0.07,36060,12.4968,3.6872,8.6701,0.51,1761.46,2.11,0.57,15.41
http://topic.eastmoney.com/zwzxszcb/,0.53,0.18,2.93,0.09,20088.3,3.7539,2.6615,1.6696,0.1,&nbsp;,&nbsp;,&nbsp;,&nbsp;
http://topic.eastmoney.com/aedzb/,0.94,1,6.53,0.21,35999.62,8.7199,5.1123,6.6754,0.62,&nbsp;,&nbsp;,&nbsp;,&nbsp;
http://topic.eastmoney.com/wdyxipo/,0.86,0.15,5.23,0.08,200000,42.8807,28.7827,38.9728,6.77,&nbsp;,&nbsp;,&nbsp;,&nbsp;
http://topic.eastmoney.com/lmhg2011/,0.71,0.4,6.5,-,27029.55,9.2076,4.9575,5.6857,0.37,&nbsp;,&nbsp;,&nbsp;,&nbsp;
http://topic.eastmoney.com/klwwkj/,0.77,0.21,4.74,0.1,134849,15.0753,9.6412,14.422,2.52,16337.67,5.2,&nbsp;,25.74
http://topic.eastmoney.com/KLGWIPO/,0.79,0.17,2.68,0.14,147055.76,13.2449,9.1821,20.3476,1.1,17799.05,3.69,&nbsp;,12.62
http://topic.eastmoney.com/gfqc/,0.31,0.32,2.78,0.3,30904,4.9632,3.0698,4.2564,0.65,2401.57,1.62,0.63,&nbsp;
http://topic.eastmoney.com/cqhk/,0.65,0.4,9.8,0.17,175500,107.083,33.2658,55.7569,6.57,27970.26,25.97,2.19,26.42
http://topic.eastmoney.com/xafz/,0.43,0.21,6.06,0.2,43057,11.1907,5.6195,12.3432,0.92,833.8,3.92,&nbsp;,&nbsp;
http://topic.eastmoney.com/nwrj/,0.4,0.24,5.27,0.15,41135.11,6.5078,4.213,1.772,0.42,&nbsp;,&nbsp;,&nbsp;,&nbsp;
http://topic.eastmoney.com/SZGYYQSJ/,&nbsp;0.75298,0.56,7.74,0.21,77672,22.288,7.5622,2.541,0.39,18500.28,4.54,0.5,5.31
http://topic.eastmoney.com/gnsd2014/,&nbsp;0.41,0.35,7.67,0.19,69900,19.7887,9.876,3.9783,0.43,30103.03,4.93,0.37,&nbsp;
http://topic.eastmoney.com/zjjnkj/,0.45,0.26,4.42,0.08,24350.28,2.6352,1.9618,1.3564,0.35,1875.83,1.25,&nbsp;,&nbsp;
http://topic.eastmoney.com/jdfj/,0.48,0.35,4.52,0.09,24408,6.1085,2.8501,2.4189,0.33,&nbsp;,&nbsp;,0.41,12.09
http://topic.eastmoney.com/gdzykj/,0.41,0.23,5.21,0.14,13392.21,3.6503,2.4221,2.4396,0.26,2522.13,1.6,0.57,11.09
http://topic.eastmoney.com/zkzyktipo/,&nbsp;0.40,0.33,4.52,0.1,29395,6.8222,4.305,2.2209,0.32,&nbsp;,&nbsp;,0.36,7.78
http://topic.eastmoney.com/gxzq2014/,1.8,1.97,3.06,0.05,error,1091.3921,228.8854,&nbsp;,&nbsp;,&nbsp;,&nbsp;,&nbsp;,&nbsp;
http://topic.eastmoney.com/khyyjt/,0.64,0.44,7.58,0.36,124889.5,23.6278,9.1668,18.5611,2.17,&nbsp;,&nbsp;,&nbsp;,&nbsp;
http://topic.eastmoney.com/hdzg/,0.68,0.13,3.07,0.08,163081.62,69.4969,20.4088,44.1903,2.87,30800.06,9.7,0.46,15.3
http://topic.eastmoney.com/fszygf/,&nbsp;0.51,0.12,4.89,0.12,36894.25,5.3031,4.5343,3.0155,0.67,5468.03,2.6,0.77,16.27
http://topic.eastmoney.com/HNKY2012/,1.8,0.58,1.61,0.2,177858.78,43.2014,27.3518,13.3792,3.19,&nbsp;,&nbsp;,&nbsp;,&nbsp;
http://topic.eastmoney.com/czshjt/,1.23,0.3,4.62,0.13,130000,27.5615,21.4675,16.6953,4.55,&nbsp;,&nbsp;,&nbsp;,&nbsp;
http://topic.eastmoney.com/wgnssz2011/,&nbsp;0.64,0.26,4.61,0.13,65928.3,6.7253,5.7766,5.9223,0.89,&nbsp;,&nbsp;,0.8,16.48
http://topic.eastmoney.com/lzyy/,0.4,0.66,6.03,0.08,53133.87,33.2456,5.9563,42.3918,1.3,8503.61,3.79,&nbsp;,&nbsp;
http://topic.eastmoney.com/dsjs/,0.45,0.13,5.64,0.09,33311,5.5596,2.9811,3.3884,0.6,3875,1.92,1.23,21.86
http://topic.eastmoney.com/KFDQIPO/,0.49,0.14,6.85,0.12,34353,7.5987,3.5447,1.8579,0.35,75.48,2.71,0.69,10.49
http://topic.eastmoney.com/SZWZXCLIPO/,0.33,0.12,4.44,0.18,15172.54,4.1201,2.7806,3.3778,0.22,&nbsp;,&nbsp;,&nbsp;,&nbsp;
http://topic.eastmoney.com/XTDYKJIPO/,0.5,0.15,6.55,0.14,59000,14.3714,6.88,&nbsp;,&nbsp;,16583.3,3.92,&nbsp;,&nbsp;
http://topic.eastmoney.com/ytry/,0.54,0.17,3.16,0.13,37345.5,5.7198,3.8018,6.8942,0.65,&nbsp;,&nbsp;,&nbsp;,&nbsp;
http://topic.eastmoney.com/glfd2012/,,&nbsp;,1.79,-,174930.91,29.6505,7.5286,6.4382,0.55,372.33,3.28,0.14,7.6
http://topic.eastmoney.com/jdzb2012/,0.45,0.09,4.95,0.11,24070,4.9299,2.9681,1.113,0.2,11921.35,1.02,0.33,6.76
http://topic.eastmoney.com/hdjc/,0.55,0.12,2.92,-,33570,8.5713,3.9282,2.1973,0.12,9731.76,1.46,0.09,3.02
http://topic.eastmoney.com/zddj/,0.49,0.18,5.3,0.2,26749,5.3171,3.1806,1.7638,0.31,8082.35,1.63,0.51,10.12
http://topic.eastmoney.com/tpysy2012/,0.69,0.2,4.85,0.2,33113.6,8.6745,8.1479,1.8113,0.34,28717.39,3.28,0.2,4.27
http://topic.eastmoney.com/SGXXCYIPO/,0.52,0.08,3.29,0.09,34850,22.3443,7.5185,10.4465,0.24,12131.41,3.64,0.1,3.22
http://topic.eastmoney.com/hmjhgf/,1.28,0.25,4.01,0.11,420000,96.3533,27.6496,33.5677,0.43,34739.21,10.64,0.11,2.85
http://topic.eastmoney.com/sychzbipo/,0.68,0.15,5.04,0.14,40870,14.1057,5.6919,17.9876,0.44,3142.28,3.99,0.39,8.01
http://topic.eastmoney.com/hyw2012/,0.6,0.18,2.86,0.13,55044.11,11.3035,10.0114,4.1954,0.36,2087.31,5.48,0.1,3.6
http://topic.eastmoney.com/jqswjs/,&nbsp;0.30,0.58,5.75,0.07,30008,6.2192,5.7544,2.3149,0.99,8380.42,3.38,0.99,18.85
http://topic.eastmoney.com/kljx2012/,0.48,1.19,7.21,0.18,34210,10.7682,3.6825,5.8678,0.32,4265.51,2.47,0.62,9.07
http://topic.eastmoney.com/hydq2012/,,&nbsp;,4.7,-,error,error,error,error,error,error,error,error,error
http://topic.eastmoney.com/dfdl/,0.49014,0.23,4.64,0.16,22276.46,14.0668,5.1005,6.7804,0.26,4225.22,3.14,0.24,5.12
http://topic.eastmoney.com/njbs2011/,0.57776,0.16,3.16,0.19,21000,12.5066,4.7693,3.0978,0.22,7553.2,2.25,0.14,4.65
http://topic.eastmoney.com/jtsb2012/,0.69709,0.11,3.46,0.2,15339.97,3.2739,2.2551,1.34,0.18,2389.19,1.26,0.29,8.17
http://topic.eastmoney.com/jzyy2011/,&nbsp;0.74844,0.13,4.95,0.2,90774.37,17.9897,7.7727,6.3956,0.77,19.89,5.19,0.48,10.08
http://topic.eastmoney.com/lzlszxzbipo/,0.61402,0.1,1.65,0.2,39100,38.0446,8.0979,7.1164,0.37,1496.45,2.79,0.08,4.73
http://topic.eastmoney.com/wsipo/,0.49213,0.17,3.21,0.22,33482.28,5.5917,2.4049,3.4681,0.23,5149.58,0.97,0.31,9.07
http://topic.eastmoney.com/hyswipo/,0.40209,0.09,8.09,0.2,29221.4,5.9924,5.6512,0.7237,0.15,3246.22,4.26,0.22,2.67
http://topic.eastmoney.com/txtl2012/,0.38902,0.11,4.6,0.13,error,error,error,error,error,error,error,error,error
http://topic.eastmoney.com/kfgd/,0.51753,0.13,4.63,0.17,error,4.6224,2.7792,1.7423,0.38,2298.2,1.89,0.63,14.52
http://topic.eastmoney.com/dgfbkj/,0.45501,0.16,4.53,0.25,26419,9.2212,4.9799,2.7861,0.26,12703,2.4,0.24,5.37
http://topic.eastmoney.com/cqrq2012/,&nbsp;0.87667,0.13,1.88,0.29,212308,63.8607,28.776,28.4373,1.85,70375.38,4.29,0.13,6.62
http://topic.eastmoney.com/hmxcllpo/,0.29772,0.23,4.07,0.31,47065.62,6.0383,4.2684,1.105,0.23,5829.77,2.48,0.22,5.65
http://topic.eastmoney.com/zjn2012/,0.70419,0.1,1.74,0.22,104062,129.1457,33.8799,5.905,1.32,45340.33,6.84,0.07,3.75
http://topic.eastmoney.com/dryl2012/,0.76528,0.13,9.64,0.2,43012.8,5.6913,4.4336,2.1256,0.44,9791.73,2.71,0.96,10.51
http://topic.eastmoney.com/txcx/,0.66647,0.1,6.81,0.2,34784.43,5.4098,3.6537,&nbsp;,&nbsp;,6885.3,2.26,&nbsp;,&nbsp;
http://topic.eastmoney.com/fst2012/,1.51608,0.56,5.89,-,157136.5,23.5908,20.1404,11.3853,2.16,26.52,14.65,0.63,10.92
http://topic.eastmoney.com/jsybrl/,1.21418,0.25,5.23,0.26,135534,25.2175,11.2953,14.2179,3.95,18158.41,6.47,1.83,37.92
http://topic.eastmoney.com/thfw2012/,0.59285,0.11,6.2,0.12,64383,6.8445,5.5828,0.0088,-0.19,3447.92,4.17,-0.21,-3.28
http://topic.eastmoney.com/flhsy/,0.66244,0.82,3.53,0.14,41094,4.5484,3.3998,1.3483,0.31,4388.77,2.18,0.65,9.29
http://topic.eastmoney.com/zlgfipo/,0.58416,0.82,3.53,0.14,39125,6.1909,3.3936,2.1514,0.65,14.27,2.22,0.68,21.31
http://topic.eastmoney.com/hllzgdzkj/,0.37459,0.12,3.66,0.29,28862,2.9407,1.8302,0.8622,0.17,2460.06,0.97,0.35,9.69
http://topic.eastmoney.com/sxjgf2012/, &nbsp; &nbsp; 0.49142625,0.27,3.16,0.26,64202,20.688,9.701,9.3381,1.25,25341.93,3.39,0.41,13.94
