,股票代码,网址,网上发行中签率,网下配售中签率,发行前每股净资产,首日换手率,投资金额总计,总资产,净资产,营业收入,净利润,资本公积,未分配利润,基本每股收益,净资产收益率
1,?603323,http://topic.eastmoney.com/wjncsyyh/,error,error,6.83,error,71647.16,778.7405,69.4176,11.453,3.96,100000,7.42,error,5.84
2,?601229,http://topic.eastmoney.com/SHYH2014/,error,error,17.77,error,1045043.21,16181.2893,997.219,179.6827,73.35,2039269.8,285.75,error,error
3,?603977,http://topic.eastmoney.com/jxgtmb/,error,error,3.77,error,31774.03,9.4322,6.3055,2.033,0.55,9546.64,3.11,error,8.97
4,?603556,http://topic.eastmoney.com/hxdl/,error,error,6.31,error,184150,27.8501,17.6672,9.305,2.28,35653.23,9.87,0.81,13.49
5,?603319,http://topic.eastmoney.com/hnjyb/,error,error,5.96,error,28935.63,7.9793,3.8412,2.5849,0.23,4252.13,2.44,0.37,6.14
6,?603060,http://topic.eastmoney.com/zgjcjyrzjt/,error,error,2.11,error,85604.81,6.9618,3.9928,2.8326,0.48,error,1.51,error,11.85
7,?002819,http://topic.eastmoney.com/dfzkjckj/,error,error,3.54,error,14740,3.6709,3.0305,3.1363,0.12,4937.35,1.51,error,4.12
8,?603203,http://topic.eastmoney.com/czkkxh/,error,error,3.73,error,36105,3.0479,2.191,1.2927,0.44,5890.22,0.66,0.64,18.67
9,?300558,http://topic.eastmoney.com/BDYY2014/,error,error,2.47,error,82774.6,13.6865,11.0854,5.1858,2.12,1064.95,6.51,error,21.48
10,?300556,http://topic.eastmoney.com/SLSJ2014/,error,error,3.22,error,11492.77,4.1018,2.7187,1.7787,0.08,8638.98,0.88,0.12,3.67
11,?601882,http://topic.eastmoney.com/NBHTJGIPO/,error,error,2.07,error,23020,19.196,9.9511,5.1735,0.39,27638.61,2.17,error,3.92
12,?002818,http://topic.eastmoney.com/fsmjj/,error,error,6.5,error,185000,39.8358,25.7216,6.229,2.89,11014.33,19.71,error,11.91
13,?300557,http://topic.eastmoney.com/WHLGGKIPO/,error,error,6.11,error,24871.33,3.4121,2.6276,0.624,0.08,4351.92,1.54,error,3.08
14,?300560,http://topic.eastmoney.com/ZFT2014/,error,error,5.05,error,23328.45,3.8921,2.8794,1.6712,0.22,5218.07,1.67,error,8.17
15,?603716,http://topic.eastmoney.com/WHSLSIPO/,error,error,12.31,error,40172.07,7.2765,5.0873,2.9397,0.38,18963.82,2.52,error,7.55
16,?300559,http://topic.eastmoney.com/jfat/,error,error,4.46,error,35442.58,3.1745,2.6957,0.8097,0.3,2081.02,1.67,error,11.64
17,?603888,http://topic.eastmoney.com/XHWIPO/,error,error,7.33,error,149733.99,18.1375,11.4067,5.3218,1.02,23866.26,6.38,error,9.27
18,?603258,http://topic.eastmoney.com/dhwl/,error,error,3.1,error,87253.62,7.8206,5.5873,2.4732,1.4,1465.8,2.76,0.79,29.13
19,?600926,http://topic.eastmoney.com/hzyh/,error,error,14.38,error,361056.2,5668.8899,339.0749,68.0298,23.13,802252.8,136.04,1,7.14
20,?002817,http://topic.eastmoney.com/hsjn/,error,error,error,error,error,3.261,2.368,2.6895,0.4798,0.5356,1.0535,0.74,22.33
21,?603667,http://topic.eastmoney.com/wzxcjt/,error,error,4.56,error,62550,13.6379,7.5082,5.2791,0.45,21430.37,3.03,0.29,6.63
22,?002816,http://topic.eastmoney.com/shkdjm/,error,error,4.27,error,24159.89,4.8221,3.2029,1.5167,0.12,5612.69,1.83,0.16,3.92
23,?603859,http://topic.eastmoney.com/nkjnjs/,error,error,5.05,error,45222.11,5.3507,4.4131,0.8253,0.05,12962.06,2,0.07,1.45
24,?300552,http://topic.eastmoney.com/wjkjgf/,error,error,5.38,error,27610,7.7696,4.3073,2.9069,0.35,9206.59,2.35,0.44,8.46
25,?300553,http://topic.eastmoney.com/hzjzjd/,error,error,4.59,error,20716.38,1.8383,1.6528,0.5239,0.15,4179.08,0.76,error,9.58
26,?300550,http://topic.eastmoney.com/RHKJ2014/,error,error,3.87,error,54837.39,3.9601,2.3704,0.9559,0.17,3297.9,1.27,error,8
27,?300555,http://topic.eastmoney.com/ltsx/,error,error,4.87,error,35368.35,4.9316,2.9196,1.6228,0.24,2844.85,1.81,0.41,8.87
28,?603160,http://topic.eastmoney.com/hdkj/,error,error,2.86,error,90532,17.9052,13.7801,12.109,3.04,3422.9,8.22,error,error
29,?300551,http://topic.eastmoney.com/SHGADZKJIPO/,error,error,4.96,error,28078,4.4159,2.8728,1.1238,0.15,4448.42,1.71,0.27,5.21
30,?603816,http://topic.eastmoney.com/gjjuipo/,error,error,3.53,error,195679.17,26.5317,11.7823,20.1195,2.75,10336.65,5.46,error,24.81
31,?603313,http://topic.eastmoney.com/hkjjkj/,error,error,3.78,error,86666.92,10.7246,6.8258,7.7501,0.8,8741.54,3.65,0.45,12.18
32,?300548,http://topic.eastmoney.com/BCKJIPO/,error,error,4.84,error,19701.73,3.8216,3.1946,1.5059,0.32,4602.24,1.85,error,10.2
33,?603777,http://topic.eastmoney.com/lyf2012/,error,error,6.38,error,67407,17.4395,11.4783,17.0425,0.69,38897.08,5.46,0.38,6.22
34,?002813,http://topic.eastmoney.com/lckj/,error,error,5.36,error,47849.8,10.259,4.8265,3.8323,0.27,6765.49,2.92,error,5.7
35,?603421,http://topic.eastmoney.com/qddxtx/,error,error,2.94,error,84596.93,13.4981,11.5693,5.122,0.78,2031.28,6.24,error,7.14
36,?002815,http://topic.eastmoney.com/cdgf2012/,error,error,error,error,error,error,error,error,error,error,error,error,error
37,?603887,http://topic.eastmoney.com/shzdjsipo/,error,error,5.32,error,35310.58,7.4931,3.9132,3.2574,0.4,9337.96,2.06,error,10.75
38,?300547,http://topic.eastmoney.com/chkj/,error,error,6.31,error,30589,5.2754,3.1918,2.3752,0.36,3170,2.2,error,12.02
39,?601128,http://topic.eastmoney.com/csncsyyh/,error,error,4.28,error,91117.66,1223.8343,91.0453,21.0349,5.52,501.3,17.58,0.26,6.34
40,?300549,http://topic.eastmoney.com/ydjmgy/,error,error,3.73,error,22374,3.7172,1.8651,1.6422,0.2,3910.73,0.82,0.4,11.24
41,?300546,http://topic.eastmoney.com/xdkjgf2012/,error,error,6.98,error,29982.11,3.9214,2.9828,1.016,0.19,1031.19,2.24,error,error
42,?603738,http://topic.eastmoney.com/hbtjdzkjipo/,error,error,5.51,error,23552,5.3396,3.276,1.6368,0.28,4836.74,1.6,0.5,9.22
43,?300545,http://topic.eastmoney.com/ldzb/,error,error,4.4,error,35774.09,3.2712,2.3556,1.1437,0.16,3263.14,1.33,0.3,6.96
44,?600908,http://topic.eastmoney.com/wxncsyyh/,error,error,4.47,error,78931.78,1164.5622,75.4303,5.9362,2.12,37039.54,3.67,error,2.94
45,?300536,http://topic.eastmoney.com/nshj/,error,error,3.83,error,17701.8,5.349,2.9154,1.8077,0.24,6173.13,1.44,error,8.66
46,?601500,http://topic.eastmoney.com/tykj/,error,error,2.89,error,80876.93,32.6995,16.4016,15.2107,0.83,10751.33,8.41,error,5.16
47,?300542,http://topic.eastmoney.com/XCKJIPO/,error,error,5.59,error,22737,5.0091,3.7797,1.827,0.07,6433.12,2.12,error,1.82
48,?603189,http://topic.eastmoney.com/wdrjgf/,error,error,error,error,74667.39,4.087,3.535,0.8646,0.15,4887.31,1.2,0.09,4.38
49,?300541,http://topic.eastmoney.com/xjstxx/,error,error,4.12,error,47810.96,7.9982,3.7042,3.8122,0.25,8016.73,1.8,error,7.06
50,?603067,http://topic.eastmoney.com/HBZHHXIPO/,error,error,4.32,error,36546,9.8251,7.1198,4.1082,0.46,16483.49,3.39,error,6.7
51,?300534,http://topic.eastmoney.com/lslfyy/,error,error,6.24,error,31188.02,6.3557,4.302,1.2338,0.25,19291,1.52,error,5.89
52,?603393,http://topic.eastmoney.com/XJXTTRQIPO/,error,error,5.35,error,152713,9.1483,6.4194,3.9906,0.8,18829.92,2.31,error,12.49
53,?002812,http://topic.eastmoney.com/yncx/,error,error,7.32,error,74776.7,13.062,7.3487,5.1097,0.75,23727.27,3.18,0.75,10.21
54,?601163,http://topic.eastmoney.com/SJLTIPO/,error,error,4.82,error,error,91.9517,28.9386,15.8439,1.61,3926.58,15.58,0.27,5.72
55,?002811,http://topic.eastmoney.com/ytgjjs/,error,error,4.68,error,67074.87,17.2974,6.3229,8.9555,0.43,10009.84,3.59,0.32,7.05
56,?300543,http://topic.eastmoney.com/lkzndq/,error,error,5.6,error,28682.82,5.5466,2.8731,4.0215,0.35,6242.34,1.65,0.79,13.12
57,?603843,http://topic.eastmoney.com/zplqipo/,error,error,2.32,error,65190.72,26.0267,6.9782,24.0779,0.88,1976.23,3.06,0.29,13.36
58,?002807,http://topic.eastmoney.com/jyncsy/,error,error,4.64,error,92390.22,904.7841,75.1417,25.043,8.15,error,21,0.52,12.13
59,?603658,http://topic.eastmoney.com/atsw/,error,error,2.29,error,78430.15,11.1999,8.6625,4.3374,1.48,38.82,4.22,error,18.64
60,?300539,http://topic.eastmoney.com/nbhhmj/,error,error,3.09,error,33062,4.4984,2.2345,1.8461,0.14,3941.86,1.02,0.2,6.7
61,?300537,http://topic.eastmoney.com/gxggxcl/,error,error,3.35,error,27001.52,3.5317,2.6399,1.3113,0.21,4862.17,1.22,error,8.3
62,?603090,http://topic.eastmoney.com/wxhs/,error,error,3.19,error,27013,3.083,2.5085,1.0735,0.19,6464.36,0.96,0.25,8.52
63,?002810,http://topic.eastmoney.com/SDHDGFIPO/,error,error,5.84,error,33435.32,7.9318,4.1838,2.7694,0.24,709.41,2.88,0.34,6.03
64,?603007,http://topic.eastmoney.com/hwyy/,error,error,4.04,error,37981.27,9.8145,4.0402,5.3879,0.68,5706.85,2.18,0.68,18.41
65,?300538,http://topic.eastmoney.com/TYSYIPO/,error,error,4.61,error,35995,3.1941,1.9346,3.9244,0.16,3127.1,1.12,error,8.6
66,?002809,http://topic.eastmoney.com/hqcl/,error,error,7.07,error,40949,5.5342,4.5818,1.9269,0.34,5881.8,3.14,0.57,7.74
67,?603031,http://topic.eastmoney.com/adlbh/,error,error,5.56,error,29040.2,12.3786,3.5557,7.6806,0.22,5957.57,2.32,0.36,6.32
68,?300540,http://topic.eastmoney.com/cdslyhsb/,error,error,4.92,error,44670,7.116,3.3454,1.6645,0.31,5408.49,1.85,0.47,9.19
69,?603515,http://topic.eastmoney.com/OPZMIPO/,error,error,3.48,error,123986.3,33.146,18.3481,44.6886,4.44,29477.95,8.48,error,26.36
70,?300533,http://topic.eastmoney.com/SZBCWLIPO/,error,error,6.31,error,86050.66,7.8472,5.2412,0.9811,0.46,4427.12,3.61,error,9.02
71,?603986,http://topic.eastmoney.com/yzcxkj2014/,error,error,7.62,error,51652.93,8.998,5.7063,11.8878,1.56,17056.61,2.94,2.1,31.92
72,?601595,http://topic.eastmoney.com/shdy/,error,error,2.79,error,99610,16.4397,8.2699,9.0018,2,638.16,4.33,error,28.86
73,?300532,http://topic.eastmoney.com/jtgj2011/,error,error,5.91,error,36357.48,7.7262,3.7256,0.593,0.05,6943.69,2.1,0.09,1.48
74,?601997,http://topic.eastmoney.com/GYYHIPO/,error,error,7.76,error,410797.26,2381.9655,141.3388,77.0519,32.4,124622,78.44,1.79,26.37
75,?600936,http://topic.eastmoney.com/gxgbdsxxwl/,error,error,1.46,error,196034.86,54.78,21.1994,5.6022,1.12,2530.36,5.52,error,error
76,?002808,http://topic.eastmoney.com/hjgdcybipo/,error,error,error,error,25000,3.3871,2.9414,0.4548,0.05,4095.77,1.36,error,error
77,?603159,http://topic.eastmoney.com/yhmj/,error,error,2.8,error,15937.6,3.3531,2.1004,4.4793,0.38,1791.61,1.05,0.51,20.02
78,?300535,http://topic.eastmoney.com/dwkj2014/,error,error,7.01,error,27000,4.0006,3.2532,0.5763,0.11,7684.75,1.8,error,error
79,?603569,http://topic.eastmoney.com/cjwl/,error,error,2.49,error,83627.75,21.1334,9.9448,9.2128,0.75,346.51,4.1,error,8.01
80,?300530,http://topic.eastmoney.com/dzhbkj/,error,error,4.83,error,18015.42,2.7352,2.5372,1.2165,0.38,4039.12,1.44,0.72,16.18
81,?600977,http://topic.eastmoney.com/zgdy2014/,error,error,3.42,error,466052,108.9148,54.4368,72.9653,10.36,59875.03,24.92,0.62,20.1
82,?601811,http://topic.eastmoney.com/xhwx/,error,error,6.11,error,141800,105.6789,68.9943,13.4198,1.64,207300.24,18.56,0.15,2.44
83,?300531,http://topic.eastmoney.com/ybxkj/,error,error,4.43,error,22447.12,3.4654,2.8079,0.7417,0.15,2062.04,1.91,error,6.89
84,?300528,http://topic.eastmoney.com/xflh/,error,error,5.52,error,109825.3,18.0896,13.2112,3.6329,0.18,55351.75,4.84,error,error
85,?300527,http://topic.eastmoney.com/hzzg/,error,error,2.64,error,78327,22.4682,9.1962,2.4722,0.02,29019.12,2.42,error,error
86,?300529,http://topic.eastmoney.com/ZHJFSWKJ/,error,error,1.52,error,43792.9,7.2347,6.1096,1.256,0.47,12.59,1.74,error,error
87,?300526,http://topic.eastmoney.com/zqgf/,error,error,4.21,error,25164.36,6.0074,2.7686,0.8735,0.09,421.59,1.86,error,error
88,?600919,http://topic.eastmoney.com/JSYHIPO/,error,error,6.27,error,712915.49,12903.3334,655.3456,280.4707,95.05,1009737.3,192.51,error,15.72
89,?603663,http://topic.eastmoney.com/sxxc/,error,error,2.37,error,26750,3.0248,2.468,0.6427,0.08,4259.2,0.87,error,error
90,?603322,http://topic.eastmoney.com/CXJS2014/,error,error,3.99,error,27215.44,6.4296,2.4007,1.3461,0,6455.45,1.07,error,error
91,?300525,http://topic.eastmoney.com/fjbsrj/,error,error,4.51,error,17033.9,2.5467,2.3168,0.2335,0.02,4107.86,1.25,error,error
92,?002806,http://topic.eastmoney.com/hfdz/,error,error,3.77,error,16269.43,4.4654,2.2949,0.6862,0.03,321.59,1.49,error,error
93,?300523,http://topic.eastmoney.com/cakj/,error,error,5.25,error,39877.51,7.7814,3.4023,4.1302,0.92,8665.92,1.58,1.3,27.59
94,?300517,http://topic.eastmoney.com/hbzxgckj/,error,error,4.19,error,error,7.3711,3.2211,3.7574,0.45,6261.71,1.61,error,error
95,?002803,http://topic.eastmoney.com/jhbzkj2014/,error,error,2.94,error,25144,6.2025,2.7267,error,error,3596.53,1.28,error,error
96,?603069,http://topic.eastmoney.com/hqys/,error,error,2.95,error,46151,14.5602,7.0628,12.3796,0.7,16684.65,2.35,0.29,10.41
97,?300520,http://topic.eastmoney.com/kdgcrjipo/,error,error,3.85,error,25413,4.3594,2.6371,error,error,6357.07,1.21,error,error
98,?002805,http://topic.eastmoney.com/sdfyhxipo/,error,error,5.67,error,27407.11,4.6923,4.1197,error,error,7239.6,2.34,error,error
99,?300521,http://topic.eastmoney.com/ask/,error,error,3.83,error,20850,2.9108,2.3583,0.3485,0.06,3513.46,1.32,error,2.52
100,?300522,http://topic.eastmoney.com/smkj/,error,error,4.56,error,32112.13,3.191,2.2815,2.2487,0.55,1882.31,1.38,error,27.32
101,?601966,http://topic.eastmoney.com/lllt/,error,error,4.36,error,258508,165.8184,43.6812,87.337,6.77,37135.11,26.38,0.68,15.25
102,?603016,http://topic.eastmoney.com/XHTDQKJ2014/,error,error,4.12,error,29015.2,5.7508,4.8788,error,error,2165,3.01,error,error
103,?002802,http://topic.eastmoney.com/hhxc/,error,error,3.47,error,36338.96,3.5362,2.935,0.6529,0.12,3163.89,1.62,error,4.25
104,?603958,http://topic.eastmoney.com/hssm/,error,error,3.93,error,67172.8,12.2481,6.9196,4.6546,0.33,6719.9,3.94,error,error
105,?603909,http://topic.eastmoney.com/hcgc/,error,error,3.98,error,22278.45,3.9843,3.1281,error,error,1715.11,2.05,error,error
106,?300518,http://topic.eastmoney.com/SXDKJIPO/,error,error,6.94,error,error,5.1945,4.8554,2.0374,0.92,5055.61,3.3,error,error
107,?002801,http://topic.eastmoney.com/wgdz/,error,error,9.29,error,24646,5.178,4.2947,error,error,4142.86,3.08,error,error
108,?300519,http://topic.eastmoney.com/xgyy/,error,error,5.16,error,21178,3.9961,3.4764,error,error,4782.85,2.03,error,error
109,?601127,http://topic.eastmoney.com/cqxkgy/,error,error,3.46,error,135180,124.3873,31.9682,105.5448,3.89,48388.03,12.9,0.5,15.67
110,?300515,http://topic.eastmoney.com/hnsdkj/,error,error,3.04,error,27031.47,3.4507,2.339,error,error,5033.09,0.94,error,error
111,?002799,http://topic.eastmoney.com/hqyw2012/,error,error,4.25,error,25668.52,5.8665,3.1888,4,0.35,291.64,2.15,error,11.6
112,?603131,http://topic.eastmoney.com/hghjjt2014/,error,error,4.47,error,26565.84,4.5605,3.356,4.5961,0.48,8073.09,1.55,error,15.42
113,?601611,http://topic.eastmoney.com/ZHGYJS2014/,error,error,2.87,error,540336.8,571.6021,67.5056,409.7002,9.13,error12136.26,26.74,error,error
114,?300516,http://topic.eastmoney.com/jzyhwxt/,error,error,4.39,error,72098.64,6.4109,4.1643,error,error,2812.54,2.64,error,error
115,?603737,http://topic.eastmoney.com/skstl/,error,error,7.31,error,34349.82,9.8233,5.3431,2.1291,error0.14,1126.6,4.11,error,error2.55
116,?002800,http://topic.eastmoney.com/xjts/,error,error,4.83,error,21917,4.523,2.7442,error,error,6521.46,1.43,error,error
117,?300513,http://topic.eastmoney.com/htsdkj/,error,error,5.37,error,27410.4,4.274,3.0495,error,error,9256.83,1.39,error,error
118,?300512,http://topic.eastmoney.com/zyjx2014/,error,error,5.02,error,66486,10.6108,5.3999,error,error,6998.48,3.18,error,error
119,?002798,http://topic.eastmoney.com/dwjy2014/,error,error,5.98,error,21125.82,4.4892,3.8541,error,error,7755.89,2.14,error,error
120,?603339,http://topic.eastmoney.com/sfllzb2014/,error,error,4.62,error,46504,8.6107,7.1583,7.3737,1.26,6930.27,4.66,0.81,19.11
121,?603959,http://topic.eastmoney.com/blgckj/,error,error,2.74,error,86993.9,10.6951,4.2387,2.72,0.38,1817.74,2.12,error,9.32
122,?603779,http://topic.eastmoney.com/wlptj/,error,error,3.53,error,70470.13,14.6078,5.2978,error,error,error,3.41,error,error
123,?002797,http://topic.eastmoney.com/dycyzq2014/,error,error,3.12,error,error,332.7352,65.75,25.485,9.53,187296.95,12.33,0.52,18.15
124,?002796,http://topic.eastmoney.com/sjkj/,error,error,4.31,error,22526.76,3.4575,2.5867,4.624,0.54,5934.83,1.19,0.9,22.11
125,?300510,http://topic.eastmoney.com/JGDQIPO/,error,error,4.8,error,23874,4.7212,3.219,2.6196,0.51,5817.29,1.69,error,17.34
126,?603101,http://topic.eastmoney.com/hjsdbhipo/,error,error,3.52,error,68240.25,20.6865,6.3446,27.4151,1.04,1788.1,4.02,0.58,17.32
127,?300511,http://topic.eastmoney.com/SHXRSWIPO/,error,error,5.72,error,113639.36,17.7476,6.4299,10.19,1.25,9749.66,3.98,error,21.41
128,?603528,http://topic.eastmoney.com/dlkjipo/,error,error,4.1,error,41979.1,13.9479,6.3731,7.3304,3.05,397.01,3.96,error,60.21
129,?300507,http://topic.eastmoney.com/alw2012/,error,error,6.72,error,37440.8,4.3699,3.4912,4.6967,0.82,1985.2,2.38,error,26.07
130,?002795,http://topic.eastmoney.com/yhltzkipo/,error,error,2.83,error,32821.27,4.207,2.1197,4.7791,0.66,3948.48,0.72,error,29.47
131,?603822,http://topic.eastmoney.com/jahbkj/,error,error,error,error,error,5.432,3.333,5.9749,0.3214,0.773,1.7995,0.5844,10.13
132,?603029,http://topic.eastmoney.com/temyjx/,error,error,7.23,error,50180.62,8.6749,5.0736,3.7859,0.4,7213.11,3.18,error,8.26
133,?300509,http://topic.eastmoney.com/xmxbz/,error,error,5.2,error,25970,8.7477,3.1228,4.4828,0.5,9549.07,1.41,0.83,17.22
134,?603726,http://topic.eastmoney.com/zjldjt/,0.0422,0.0095,6.25,error,29800,8.5201,4.4402,7.2368,0.61,224.91,3.51,0.86,14.85
135,?300508,http://topic.eastmoney.com/whdzkj/,0.0319,0.0248,4.31,error,20971.72,2.1244,1.9374,1.3058,0.52,223.74,1.27,error,30.29
136,?002793,http://topic.eastmoney.com/dyby/,0.0369,0.0092,4.53,error,error,5.496,3.395,5.8421,0.82,7686.93,1.63,1.09,26.13
137,?603868,http://topic.eastmoney.com/SHFKDQIPO/,0.0633,0.0108,2.82,error,error,16.9023,11.0439,27.8263,5.02,322.23,5.8,error,55.23
138,?603701,http://topic.eastmoney.com/dhqcdz/,0.0271,error,4.54,error,error,4.5937,2.6743,3.1394,0.44,5633.59,1.32,error,17.07
139,?603798,http://topic.eastmoney.com/kpdkj/,0.0432,0.0103,4.5,0.05,32403.3,5.1928,3.3785,7.1087,0.83,6390.01,1.68,1.11,28.17
140,?300474,http://topic.eastmoney.com/jjwdz/,0.0484,0.0118,3.94,0.04,error,5.4783,3.9394,2.3968,0.89,350.78,2.45,error,25.45
141,?603028,http://topic.eastmoney.com/jssftgsipo/,0.0612,0.01,2.72,0.06,27326.19,7.6484,4.5065,5.4823,0.46,5446.02,2.14,0.28,10.72
142,?002791,http://topic.eastmoney.com/jlwjzp/,0.0447,0.0341,7.68,0.08,88353.6,20.0513,13.2013,16.7161,1.42,24364.94,8.16,0.84,11.51
143,?002792,http://topic.eastmoney.com/tytx2012/,error,error,error,error,error,7.12,4.841,4.2937,0.737,2.6685,1.2,0.8189,16.16
144,?300506,http://topic.eastmoney.com/MJHKJIPO/,0.0484,error,2.85,error,24569.63,5.5732,2.567,1.7087,0.32,810.42,1.44,0.35,13.12
145,?300484,http://topic.eastmoney.com/lhht/,0.0237,error,5.74,error,21772.24,3.7397,2.5609,3.0982,0.71,3751.96,1.6,error,31.97
146,?603861,http://topic.eastmoney.com/bydq2012/,0.074,0.0115,3.78,error,117153,22.3791,13.6093,12.6388,1.72,1405.98,8.48,error,13.42
147,?300505,http://topic.eastmoney.com/cjnhg/,0.0458,error,5.13,error,41906.53,5.344,3.5947,5.4596,0.42,9761.64,1.68,error,12.47
148,?601020,http://topic.eastmoney.com/XZHYKYIPO/,0.0713,0.0119,2.29,error,81994.14,21.9245,11.5237,5.9835,1.59,983,4.57,error,16.06
149,?002789,http://topic.eastmoney.com/jyzs2014/,error,0.0115,9.22,error,50532.13,17.6975,5.8589,18.5347,0.78,21317.69,2.69,error,14.53
150,?603919,http://topic.eastmoney.com/jwj/,0.0742,0.0151,3.66,error,84273.68,18.5329,7.6817,11.8241,1.66,9757.61,4.2,0.79,24.09
151,?300503,http://topic.eastmoney.com/hzjd/,0.0471,0.0107,6.06,error,30791.81,5.4224,4.5441,2.2126,0.43,12274.13,2.27,error,10.04
152,?603520,http://topic.eastmoney.com/zjstlzy/,0.0487,0.0242,4.68,error,60817.86,13.9901,4.3724,4.9217,0.53,15656.67,1.52,error,11.52
153,?002790,http://topic.eastmoney.com/retwy/,0.0468,0.0126,4.74,error,63955.6,8.2475,5.6858,6.0099,1.09,9106.8,3.22,error,20.6
154,?603027,http://topic.eastmoney.com/qhwysp/,0.0533,0.012,error,error,33883.41,7.2412,4.675,6.2359,0.67,9656.03,2.28,error,15.32
155,?300502,http://topic.eastmoney.com/xystx/,0.0267,error,9.03,0.05,36452.6,4.5657,3.3886,4.6105,0.79,11142.37,1.52,1.36,26.53
156,?603608,http://topic.eastmoney.com/tcssxy/,0.0769,0.0163,3.82,error,63317.18,13.5682,8.214,8.1065,0.59,27930.18,2.81,error,7.11
157,?002788,http://topic.eastmoney.com/lyyy/,0.045,0.015,7.29,error,63630,34.711,7.0812,48.9658,0.78,14083.65,4.34,0.8,11.47
158,?601900,http://topic.eastmoney.com/nfcbcm/,0.133,0.0142,4.01,error,98974,67.8067,28.3596,20.001,2.03,26342.4,11.45,0.27,8.73
159,?603377,http://topic.eastmoney.com/dfss/,0.0734,0.0166,1.7,error,188273.18,17.4578,8.1069,error,error,4911.96,2.13,error,error
160,?300501,http://topic.eastmoney.com/hsxxyybz/,0.0222,error,6.37,0.05,26476.99,3.2446,2.563,2.1499,0.44,6767.16,1.35,error,18.45
161,?300500,http://topic.eastmoney.com/szsjyjy/,0.023,error,6.88,error,32049.45,3.8743,3.3385,1.6162,0.28,12326.45,1.38,error,8.45
162,?300499,http://topic.eastmoney.com/gzgl/,error,error,5.74,0.08,25517.8,6.7054,2.9135,error,error,5775.69,1.68,error,error
163,?002778,http://topic.eastmoney.com/gksh2011/,0.1924,0.0406,error,error,error,5.9306,3.7318,error,error,7061.05,2.13,error,error
164,?603778,http://topic.eastmoney.com/BJQJYLIPO/,0.1714,0.0508,7.41,0.07,error,9.1089,4.4467,6.0328,0.81,12976.81,2.32,1.35,20.12
165,?603299,http://topic.eastmoney.com/JSJSYHIPO/,0.2472,0.0372,3.52,0.06,error,41.7699,16.6217,error,error,68416.58,4.55,error,error
166,?300494,http://topic.eastmoney.com/stwl/,0.1854,0.0347,3.52,0.02,error,3.1035,2.879,0.3441,0.08,1097.78,1.53,error,2.85
167,?300491,http://topic.eastmoney.com/thdzkj2014/,0.1751,0.0435,3.01,error,error,2.367,1.772,error,error,3903.87,0.69,error,error
168,?300490,http://topic.eastmoney.com/hzkj/,0.1691,0.0449,4.43,0.05,error,7.0103,3.1784,0.844,0.09,12521.52,1.04,error,2.78
169,?002787,http://topic.eastmoney.com/szhybzipo/,0.2083,0.0472,4.86,0.05,error,8.5915,4.8897,error,error,12242.52,2.45,error,error
170,?002777,http://topic.eastmoney.com/yhrj/,0.1378,0.0355,3.89,0.05,error,6.8959,2.8305,3.6571,0.59,3300.24,1.15,0.93,22.69
171,?603996,http://topic.eastmoney.com/xsjgd/,error,error,error,error,82681.11,14.956,6.8384,23.5107,1.33,22252.75,2.8,0.88,21.49
172,?603866,http://topic.eastmoney.com/SYTLMBIPO/,0.408,0.0718,2.56,0.09,89302.95,15.1965,12.0654,18.4377,2.49,749.21,7.18,error,22.68
173,?603508,http://topic.eastmoney.com/hnsw/,0.3997,0.0432,7.18,0.04,127427.4,10.5254,8.6171,3.1542,1.18,10747.09,5.88,0.98,14.48
174,?300495,http://topic.eastmoney.com/msstjg/,0.2913,0.0631,8.39,0.05,74890.53,11.0807,4.8457,3.0052,0.65,6065.8,3.43,1.29,error
175,?300492,http://topic.eastmoney.com/sdjzgcsj/,0.1883,0.0448,2.75,0.02,16889.23,2.6882,1.7556,error,error,964.56,0.89,error,error
176,?002786,http://topic.eastmoney.com/SZYBSIPO/,0.2366,0.0487,6.49,0.05,50112.29,23.0073,6.4631,15.9518,0.46,16012.31,3.34,error,7.33
177,?002785,http://topic.eastmoney.com/XMWLSIPO/,64,0.04,3.47,0.04,25598.96,10.0515,5.5853,4.6734,0.13,13582,2.4,error,error
178,?002782,http://topic.eastmoney.com/klk2012/,0.2229,0.0504,3.56,error,33147.41,6.3067,4.549,3.6031,0.25,6896.29,2.34,error,5.58
179,?002781,http://topic.eastmoney.com/qxjsjt/,0.2683,0.1716,5.22,error,53113.25,26.9807,9.3942,error,error,22056.96,4.96,error,error
180,?300497,http://topic.eastmoney.com/jxfxyyipo/,0.1627,0.0511,5.6,error,24091,7.1758,3.2616,error,error,9536.84,1.62,error,error
181,?300496,http://topic.eastmoney.com/zkcd/,0.2368,0.0383,4.94,0.04,75220,5.6447,4.0486,error,error,7145.92,2.38,error,error
182,?603999,http://topic.eastmoney.com/dzcbcm/,0.2545,0.0464,5.44,0.06,50407.61,13.671,10.8369,3.7184,0.38,17253.9,6.02,0.23,4.2
183,?603936,http://topic.eastmoney.com/bmdz/,0.234,0.0432,4.46,0.05,62024.42,14.6836,5.6002,5.1487,0.32,8477.09,3.25,error,5.92
184,?603800,http://topic.eastmoney.com/dszcsb/,0.3156,0.0569,3.17,0.05,51616,8.7173,4.7056,3.561,0.16,3825.01,2.57,0.12,3.99
185,?603696,http://topic.eastmoney.com/ajsp/,0.2761,0.0498,4.17,0.08,error,4.088,3.8878,error,error,8619.69,1.93,error,error
186,?603398,http://topic.eastmoney.com/BBYZ2014/,0.2318,0.0398,2.68,0.05,error,2.6995,1.9974,1.4201,0.28,3987.52,0.7,error,35.39
187,?300493,http://topic.eastmoney.com/shrxkj/,0.147,0.0361,3.05,0.03,error,5.3769,2.7213,error,error,7234.38,1.01,error,error
188,?002780,http://topic.eastmoney.com/sfhw/,0.1484,0.0326,4.14,0.06,error,2.5259,2.0696,1.352,0.09,3800.12,1.08,error,4.58
189,?002779,http://topic.eastmoney.com/zjkj/,0.1621,0.0407,5.28,0.07,error,4.8416,3.6393,3.4549,0.41,4375,2.3,error,11.97
190,?002783,http://topic.eastmoney.com/klhg2011/,0.218,0.0491,11.07,0.16,error,11.9533,7.6751,8.8428,1.19,2728.86,4.61,1.71,16.46
191,?300488,http://topic.eastmoney.com/hfgj/,0.1512,0.1815,6.49,0.02,23030,4.1942,3.2465,1.7323,0.68,366.77,2.42,error,22.2
192,?300480,http://topic.eastmoney.com/GLKJIPO/,0.1599,0.0511,4.22,0.02,14156.41,3.6344,2.9201,1.2731,0.34,6555.44,1.37,0.49,12.34
193,?603979,http://topic.eastmoney.com/jcx/,0.7811,error,6.43,error,272964.65,32.7195,18.1724,27.8663,2.83,38328.16,9.94,error,17.04
194,?603223,http://topic.eastmoney.com/HDWLIPO/,0.3463,0.0906,3.65,0.06,28849,7.0369,3.5738,12.1468,0.49,9977.9,1.25,0.54,14.78
195,?603085,http://topic.eastmoney.com/tczk/,0.2724,0.0758,2.92,0.09,23396,4.0283,2.1895,3.0994,0.32,1667.95,1.15,0.43,15.9
196,?300489,http://topic.eastmoney.com/zfxjsipo/,0.4137,0.0888,7.06,0.03,41496,4.8148,2.4549,error,error,6009.54,1.38,error,error
197,?300487,http://topic.eastmoney.com/XALXKJIPO/,0.4727,0.0887,6.41,0.06,25533,4.7658,3.8448,2.8604,0.6,14755.42,1.57,1,16.57
198,?300486,http://topic.eastmoney.com/DJZNWLZB/,0.3668,0.0758,3.64,0.04,32012,6.4522,3.8103,error,error,4285.91,2.11,error,error
199,?300482,http://topic.eastmoney.com/WFSW2014/,0.3894,0.0602,4.75,error,error,4.1936,3.336,0.7955,0.2,8551.07,1.61,error,11.4
200,?300481,http://topic.eastmoney.com/hcdzcl/,0.4675,0.0868,3.82,error,14599,3.1194,2.4065,0.9256,0.11,3347.2,1.32,error,error
201,?002770,http://topic.eastmoney.com/kdry/,0.4943,0.0917,error,error,59481,12.4687,6.067,1.3873,0.14,10973.11,2.58,0.07,error
202,?603838,http://topic.eastmoney.com/stjt/,0.2713,0.0901,3.61,error,28176.39,error,error,error,error,error,error,error,error
203,?603589,http://topic.eastmoney.com/kzjy/,0.6946,0.1058,error,error,97569.49,36.6162,22.7884,22.5855,4.22,14551.1,14.44,0.78,20.07
204,?603117,http://topic.eastmoney.com/wlwl/,0.3062,0.0756,error,error,48999.74,37.4219,9.7584,4.3611,1.11,16230.44,4.55,0.32,12.07
205,?603116,http://topic.eastmoney.com/HQTXYIPO/,0.7693,0.1376,4.78,error,97470.07,27.6435,16.7132,31.2796,3.28,error,12.63,error,21.1
206,?601211,http://topic.eastmoney.com/gtjazq/,1.5742,0.8929,6.89,0.14,error,3193.0245,472.9867,178.816,71.72,121954.43,222.59,error,18.04
207,?300483,http://topic.eastmoney.com/wsyy2011/,0.3154,0.0901,5.04,error,21150.26,4.1623,2.3128,3.8788,0.32,5639.54,1.18,error,14.49
208,?002776,http://topic.eastmoney.com/gdbbl/,0.6035,0.1208,5.15,error,65377.62,5.3629,3.4219,1.6264,0.32,8219.94,1.42,0.4,7.53
209,?002775,http://topic.eastmoney.com/szwkyl/,0.4852,0.1062,6,error,48939,12.9698,5.4033,9.447,0.9,12704.89,2.9,1,18.12
210,?002771,http://topic.eastmoney.com/BJZSTKJIPO/,0.188,0.0521,4.49,error,26260,7.4146,2.6963,5.8178,0.47,4925.75,1.41,0.78,18.59
211,?002769,http://topic.eastmoney.com/plt2010/,0.4091,0.0667,7.24,error,error,223.5784,4.018,31.3258,1.08,6405.57,2.56,error,29.1
212,?002768,http://topic.eastmoney.com/gekj/,0.4374,0.1088,5.35,error,38815.98,6.9172,3.2111,6.8279,0.63,8453.33,1.57,1.05,21.68
213,?300485,http://topic.eastmoney.com/ssyy/,0.3663,error,error,error,108094.47,7.1835,6.4664,5.8985,2.02,9955.06,4.11,2.25,36.15
214,?002773,http://topic.eastmoney.com/khyy2012/,6.21,0.5418,3.98,error,67292.92,19.4088,16.1177,error,error,14293.11,8.62,error,error
215,?002772,http://topic.eastmoney.com/zxjy/,0.2191,0.081,4.44,error,42603.81,10.6114,4.9805,3.835,0.91,16251.04,2.08,error,20.08
216,?603616,http://topic.eastmoney.com/hjhs/,0.3292,0.2126,4.16,0.04,41629.3,14.175,4.5786,12.4084,0.8,8102.45,2.37,0.73,19.17
217,?603066,http://topic.eastmoney.com/yfccsb/,0.2574,0.1355,5.33,0.02,26814.6,5.5825,3.9948,4.7435,0.61,12655.1,1.65,0.82,16.73
218,?601968,http://topic.eastmoney.com/bgbzgf/,0.453,0.1077,2.19,0.02,84444.67,48.5553,14.9146,error,error,37199.79,3.21,error,error
219,?300479,http://topic.eastmoney.com/ssdzjs/,0.276,0.0786,3.22,0.01,17265.46,2.546,1.9667,0.8984,0.13,878.52,1.13,error,error
220,?300476,http://topic.eastmoney.com/shkj/,0.461,0.1498,5.33,0.02,75931,12.8519,5.8576,10.8673,1.03,23218.42,2.24,error,18.46
221,?300473,http://topic.eastmoney.com/fxdeqcipo/,0.5936,0.1773,9.69,0.01,76482.71,10.8252,7.4115,6.7448,1.33,34448.37,2.66,error,19.53
222,?300472,http://topic.eastmoney.com/wxxykj/,0.3514,0.1119,3.74,0.03,26341.89,3.173,1.9318,0.4342,0.06,3828.98,0.95,error,3.29
223,?300471,http://topic.eastmoney.com/hqhp/,0.5263,0.9922,10.26,0.04,71728,14.5246,5.7116,1.5795,0.27,7777.37,3.92,error,error
224,?300469,http://topic.eastmoney.com/zxxxfz/,0.2555,0.0621,3.18,0.02,37037,4.3324,1.4568,0.2411,error0.21,1.03,0.77,error,error13.6
225,?002767,http://topic.eastmoney.com/xfdzjs/,0.3477,0.2008,3.9,0.02,31866,3.9039,2.9223,3.0672,0.67,4373.61,1.44,0.89,24.19
226,?002766,http://topic.eastmoney.com/slsy/,0.3153,0.092,4.28,error,39008.44,10.8991,5.8694,7.7078,0.65,15878.47,2.59,error,11.65
227,?002760,http://topic.eastmoney.com/fxnm/,0.345,0.165,5.98,0.02,25389.2,9.3069,3.9472,5.222,0.37,11046.82,1.92,0.56,9.88
228,?601985,http://topic.eastmoney.com/ZGHNDLIPO/,21,0.3535,1.92,0.02,15859700,2299.3882,487.6167,error,error,379422.4,65.81,error,error
229,?601368,http://topic.eastmoney.com/lcsw/,0.2955,0.1443,2.57,error,93076.98,66.0474,15.6918,2.2821,0.55,17725.22,6.84,error,error
230,?300478,http://topic.eastmoney.com/gxxjclipo/,0.271,0.1531,4.86,0.01,29385.97,4.2132,2.4298,5.7296,0.46,4377.79,1.25,0.92,20.81
231,?300477,http://topic.eastmoney.com/hzkj2011/,0.2364,0.218,5.08,0.03,24431.39,10.3412,3.9059,error,error,1952.56,2.58,error,error
232,?300475,http://topic.eastmoney.com/ahjlkjipo/,0.2734,0.1634,3.9,0.03,40470.3,8.3074,5.8069,1.0175,0.29,7929.59,3.22,error,4.92
233,?300470,http://topic.eastmoney.com/SCRLMFJIPO/,0.3336,0.1871,8.48,error,41000,4.8323,3.5572,0.8343,0.16,2663.24,2.56,error,4.75
234,?300464,http://topic.eastmoney.com/xhjmzz/,0.2816,0.1531,4.17,0.03,18858.2,5.1586,2.5874,3.9159,0.4,7130.8,1.08,0.65,15.87
235,?002765,http://topic.eastmoney.com/LDDLCD2014/,0.2883,0.2058,3.68,error,78040.51,11.6545,5.9534,7.8069,0.84,25384.6,1.4,0.52,error
236,?002763,http://topic.eastmoney.com/SZHJJTIPO/,0.3665,0.1989,4.44,0.04,66224.69,16.2879,7.6162,4.991,0.83,19485.38,3.58,error,10.97
237,?002762,http://topic.eastmoney.com/JFLBFYTYP/,0.2948,0.1667,7.55,0.04,39659.6,4.4309,3.8516,4.0692,0.94,5356.86,2.5,error,27.37
238,?002761,http://topic.eastmoney.com/dxajf/,0.2278,0.1812,4.55,0.04,28056.4,6.7986,4.0985,6.7211,0.45,8478.33,2.09,0.5,11.67
239,?603026,http://topic.eastmoney.com/sdshhg/,0.2956,0.071,6.51,0.04,70785.96,21.2936,10.6925,6.7312,0.26,17665.62,5.44,0.16,2.35
240,?603918,http://topic.eastmoney.com/SHJQXXIPO/,0.2132,0.077,4.02,0.03,21023.96,5.941,2.6549,5.8794,0.38,6044.51,1.23,0.58,15.31
241,?603901,http://topic.eastmoney.com/YCZNSBIPO/,0.3499,0.1096,5.35,0.06,43200,10.194,4.02,8.8785,0.74,12974.32,1.75,0.99,20.2
242,?603669,http://topic.eastmoney.com/lkyyjt/,0.4139,0.0986,1.92,0.02,70299.04,5.5983,3.7413,5.764,1.5,930.14,1.35,0.77,35.18
243,?603568,http://topic.eastmoney.com/zjwmhbipo/,0.4607,0.0751,2.4,0.04,85320.96,28.1575,10.0754,error,error,240.52,5.49,error,error
244,?603300,http://topic.eastmoney.com/htjzaq/,0.3722,0.1043,4.1,0.03,38175.17,11.2864,6.2348,3.3358,0.85,21765.71,2.31,0.56,14.7
245,?603198,http://topic.eastmoney.com/ahyjgjipo/,0.7002,0.105,3.55,0.04,92612.29,38.8526,25.5609,29.5895,4.87,46006.82,12.54,0.68,20.7
246,?300465,http://topic.eastmoney.com/gwdrj/,0.295,0.0623,3.55,0.02,39370.08,6.7919,3.5542,9.9593,0.66,4004.44,1.96,0.66,19.49
247,?603885,http://topic.eastmoney.com/jxhk/,0.3059,0.0752,4.01,0.04,255800,79.3222,21.1916,66.4686,4.15,48898.82,8.76,0.86,23.71
248,?603598,http://topic.eastmoney.com/ylcm2014/,0.1691,0.0608,3.18,0.02,28132.5,5.919,3.228,14.246,0.51,1655.32,1.93,0.5,17.16
249,?603108,http://topic.eastmoney.com/hrylkj/,0.2799,0.0702,6.74,0.04,58192.27,10.8489,4.7563,13.585,0.75,10130.97,2.84,1.07,17.11
250,?603023,http://topic.eastmoney.com/wddz2012/,0.2644,0.1048,2.67,0.05,21667,2.238,1.6039,2.0262,0.85,2995.04,0.4,1.41,41.09
251,?300468,http://topic.eastmoney.com/sfjczx/,0.2716,0.0732,4.39,0.02,43991.86,3.7208,3.2921,3.3799,0.84,6669.74,1.58,1.12,27.85
252,?300467,http://topic.eastmoney.com/xywlkj/,0.1967,error,3.57,0.01,31554.55,1.6657,1.1867,0.4273,0.15,3887.5,0.24,0.56,error
253,?300466,http://topic.eastmoney.com/SMDQIPO/,0.3097,0.1157,4.39,error,error,4.1118,2.6738,0.4363,0.04,7053.47,1.23,0.07,1.53
254,?300463,http://topic.eastmoney.com/wksw/,0.3221,0.3685,5.33,error,99732,12.362,7.959,2.082,0.49,1060.17,5.96,0.33,6.01
255,?300462,http://topic.eastmoney.com/hmzn2014/,error,error,4.82,error,22303.64,3.9967,2.4895,1.8154,0.52,6108.41,1.18,1,21.95
256,?002759,http://topic.eastmoney.com/gdtjdqipo/,error,error,3.78,error,25700,4.401,2.8838,1.0031,0.16,4111.11,1.55,0.22,5.77
257,?002758,http://topic.eastmoney.com/zjhtyy/,error,error,6.65,error,25659.08,7.5699,2.7917,11.4389,0.46,8613.28,1.37,1.09,17.7
258,?002757,http://topic.eastmoney.com/nxjj/,error,error,4.23,error,46193.65,6.2773,3.4723,5.4311,0.63,5665.38,1.88,0.77,error
259,?300461,http://topic.eastmoney.com/tzjj/,error,error,3.9,error,18729.91,2.3633,1.9989,0.2397,0.05,7241.78,0.66,error,2.5
260,?603989,http://topic.eastmoney.com/ahjt2012/,error,error,5.43,error,98719,11.6728,8.141,11.7382,1.83,8874.04,4.78,1.2,26
261,?603968,http://topic.eastmoney.com/ntcshg/,0.5811,0.1006,6.81,0.05,53721,13.0415,5.586,3.2732,0.36,6508.56,3.75,error,error
262,?603566,http://topic.eastmoney.com/plk2012/,0.506,0.0942,5.7,0.1,57117,8.3772,6.8359,4.7569,1.4,5309.44,4.54,1.17,20.83
263,?603311,http://topic.eastmoney.com/jhhj/,0.2996,0.0873,1.83,0.06,32300,5.6957,2.8801,4.12,0.51,error,1.29,0.32,18.92
264,?002753,http://topic.eastmoney.com/ydhg/,0.4134,0.0992,6.91,0.06,53938.99,8.1941,5.1104,8.4836,0.6,12340.26,2.8,error,12.42
265,?603718,http://topic.eastmoney.com/hlswjs/,0.3078,0.1253,2.61,0.05,41857,6.5448,5.585,2.8527,1,13499.96,1.63,error,19.96
266,?603227,http://topic.eastmoney.com/XFKJ/,0.2977,error,3.31,error,70104.14,17.2986,10.5248,9.0932,1.3,36901.23,1.53,error,10.39
267,?603022,http://topic.eastmoney.com/xtlbz/,error,error,error,error,error,3.651,2.272,4.2145,0.5179,0.2122,1.3601,0.863,25.72
268,?300458,http://topic.eastmoney.com/ZHQZKJIPO/,error,error,error,error,42944.37,11.5102,9.7285,16.501,4.19,1476.89,7.78,3.49,52.15
269,?300456,http://topic.eastmoney.com/wnkjgf/,error,error,error,error,41850.69,3.1791,2.1909,1.6716,0.55,1648.58,1.35,0.88,0
270,?300455,http://topic.eastmoney.com/kthwjs/,error,error,error,error,error,4.721,2.938,2.2763,0.5495,0.5085,1.2248,0.52,20.56
271,?300453,http://topic.eastmoney.com/sxylkj/,0.4127,0.1015,4.21,error,30042.9,3.8137,2.5027,3.222,0.5,3194.01,1.41,error,21.37
272,?300450,http://topic.eastmoney.com/WXXDIPO/,0.4745,0.1049,5.63,error,36716.83,8.8004,2.9195,0.8538,0.25,11087.63,1.15,0.48,8.26
273,?002755,http://topic.eastmoney.com/dfxxsh/,0.3160119,0.1134,4.39,error,18277,5.8266,3.3361,4.7087,0.38,214.84,2.27,error,11.77
274,?603599,http://topic.eastmoney.com/gxnh/,0.3158,0.1128,9.85,error,70071.47,21.6279,13.9019,12.143,1.53,37998.07,7.66,1.08,12.01
275,?603355,http://topic.eastmoney.com/lkdq/,0.3951,0.0972,4.19,0.06,79050.81,29.9573,15.0938,42.3077,3.44,8497.22,8.68,0.96,25.72
276,?300460,http://topic.eastmoney.com/gdhljtkj/,0.3389,0.0871,2.88,error,29661.26,6.6205,3.7183,0.9579,0.09,5227.81,1.74,error,2.44
277,?300459,http://topic.eastmoney.com/jkgyhw/,0.3281,0.1089,5.18,error,26358,6.5754,4.1195,4.769,0.36,17225.45,1.45,error,9.19
278,?300457,http://topic.eastmoney.com/yhkj/,error,error,4.32,error,20425.6,5.3328,2.5273,2.2501,0.51,4253.39,1.36,error,22.21
279,?300452,http://topic.eastmoney.com/shyyfl/,error,error,5.09,error,15795.5,2.6639,1.772,2.3939,0.35,2221.69,1.06,error,21.56
280,?300451,http://topic.eastmoney.com/cyrjgf/,error,error,6.75,error,20611.95,4.71,3.4702,0.6938,0.02,5741.44,2.13,error,0.64
281,?300414,http://topic.eastmoney.com/ZGFL2014/,0.2996,0.0917,5.03,0.04,27928.58,4.6769,3.1781,4.5653,0.98,3665.06,1.94,1.54,35.89
282,?002756,http://topic.eastmoney.com/yxbx2012/,0.4784,0.1048,11.36,error,139800,20.1503,17.0351,40.1882,2.64,3820.44,13.18,1.76,16.73
283,?300442,http://topic.eastmoney.com/pls/,0.6197,0.1323,6.24,0.08,42121.84,7.4375,4.6764,4.2249,0.59,12460.07,2.53,0.79,13.57
284,?300438,http://topic.eastmoney.com/phny/,0.4541,0.1016,7.35,0.05,38908,8.0808,4.6461,7.0054,0.6,16497.44,2.2,0.96,13.91
285,?300434,http://topic.eastmoney.com/jsdfxcl/,0.4359,0.1263,4.34,0.08,15954.58,2.8726,2.2159,1.7283,0.32,1096.57,1.43,0.63,15.49
286,?300404,http://topic.eastmoney.com/bjyy/,0.3004,0.0764,4.37,0.09,19450.05,2.936,2.055,1.3641,0.3516,0.5348,0.9412,0.7,18.71
287,?002751,http://topic.eastmoney.com/yszs/,0.3387,0.1428,4.73,0.18,27604.78,6.1609,2.4902,4.3421,0.35,2537.18,1.48,0.67,14.89
288,?603315,http://topic.eastmoney.com/lnfazg/,0.4717,0.1967,4.58,0.12,26046.56,9.677,3.472,4.0307,0.5311,1.7338,0.8567,0.71,16.06
289,?603021,http://topic.eastmoney.com/hpbl/,0.4677,0.2062,6.11,0.17,46315.13,15.2013,5.4597,7.0514,0.63,4447.4,3.39,0.73,12.38
290,?600959,http://topic.eastmoney.com/jsgdyxxx/,1.239,0.1341,3.63,0.04,470600,150.3056,93.2332,44.0225,8.49,483191.01,10.08,0.33,9.31
291,?300448,http://topic.eastmoney.com/hyafkj/,0.4626,0.1312,4.05,0.04,28407.5,3.7332,2.4309,3.8627,0.57,2599.35,1.39,0.95,26.22
292,?300446,http://topic.eastmoney.com/bdlkxcl/,0.4573,0.1673,5.29,0.05,11153.01,3.2856,2.4323,2.1054,0.77,55.49,1.74,error,36.32
293,?300444,http://topic.eastmoney.com/sjdzipo/,0.7695,0.9123,3.83,0.07,48462.39,7.039,3.9595,5.4492,0.74,4606.13,2.19,0.72,20.21
294,?300441,http://topic.eastmoney.com/bsnyzb/,0.6846,0.2465,4.07,0.05,23496.3,4.8325,2.5818,2.4696,0.4,1168.56,1.64,error,17.09
295,?300440,http://topic.eastmoney.com/CDYDKJIPO/,0.6057,0.2006,6.24,0.07,56452,7.831,5.2453,3.631,1.09,12219.16,2.82,error,22.47
296,?300437,http://topic.eastmoney.com/qsykj/,0.4973,0.1237,4.13,0.06,17500,3.0665,2.3468,4.2455,0.37,2912.74,1.33,error,error
297,?603883,http://topic.eastmoney.com/lbxdyf/,0.5435,0.1475,4.84,error,105578.87,25.2968,10.8564,39.4288,2.38,14208.41,5.96,error,22.91
298,?603818,http://topic.eastmoney.com/qmjj/,0.5748,0.241,3.48,0.08,50779.96,9.6091,6.3118,10.9376,1,12363.06,2.98,0.55,16.95
299,?603808,http://topic.eastmoney.com/SZGLSFSIPO/,0.804,0.2449,5.19,0.14,72819.66,8.0024,6.2289,5.375,1.03,21971.65,2.43,0.86,16.17
300,?603789,http://topic.eastmoney.com/xgnj/,0.6635,0.2646,3.55,error,49789,8.3236,5.3236,5.7631,1.26,12712.53,2.02,0.84,23.87
301,?603703,http://topic.eastmoney.com/ZJSYKJIPO/,0.4511,0.2381,3.93,error,30550,5.9401,2.7063,3.9768,0.55,2027.03,1.65,0.8,22.62
302,?603567,http://topic.eastmoney.com/hljzbdyy/,0.8283,0.1897,6.04,error,error,36.0408,21.7261,15.9291,4.64,28692.81,13.89,1.33,24.01
303,?603318,http://topic.eastmoney.com/psrq/,0.3188,0.1697,3.18,error,error,6.5706,2.871,3.6245,0.36,2967.1,1.49,0.4,13.26
304,?603025,http://topic.eastmoney.com/dhkjgf/,0.6184,0.1984,2.29,0.13,51825.9,10.1102,9.2384,6.6352,2.18,181.16,4.18,0.55,26.44
305,?300447,http://topic.eastmoney.com/njqxcskj/,0.4324,0.1419,4.53,0.09,21025.71,3.3423,2.7546,2.0518,0.49,972.92,1.84,0.81,error
306,?300445,http://topic.eastmoney.com/KSTYBKJIPO/,0.5179,0.1809,5.72,error,19538.97,2.4587,1.7493,1.4088,0.35,3.41,1.27,1.14,21.77
307,?300443,http://topic.eastmoney.com/lwjlfd/,0.5403,0.4868,9.35,0.09,33399,6.2246,4.2083,4.5483,0.91,10982.97,2.39,2.03,24.39
308,?300439,http://topic.eastmoney.com/NBMKSWIPO/,0.5961,0.1444,4.87,0.06,83600,6.2125,4.1513,5.9785,1.37,2.35,2.95,error,38.79
309,?300436,http://topic.eastmoney.com/gstyy/,0.3036,0.296,2.8,0.07,25883.3,2.2411,1.5687,2.5447,0.84,42.8,0.8,1.5,59.07
310,?300424,http://topic.eastmoney.com/hxhkkj/,0.4303,0.1398,3.85,error,33523.1,8.5426,4.5006,5.0911,0.81,37.18,3.19,error,19.39
311,?002752,http://topic.eastmoney.com/sxjt2012/,0.5264,0.1808,2.66,0.13,52510.47,23.4133,9.7236,18.7047,1.1,2898.47,5.44,0.31,12.29
312,?300449,http://topic.eastmoney.com/hbgk/,0.1956,0.1064,6.04,0.1,27677.11,6.8715,3.2029,5.6289,0.57,6808.03,1.86,1.07,19.43
313,?300435,http://topic.eastmoney.com/ztsl2014/,0.1775,0.0737,4.48,0.1,26020,6.9633,2.9758,4.3277,0.8,4180.53,1.74,1.34,30.03
314,?603338,http://topic.eastmoney.com/dljx/,0.3603,0.1256,7.47,0.13,44001.99,3.956,2.784,3.4123,0.836,0.6274,1.4707,1.71,35.17
315,?603869,http://topic.eastmoney.com/bbwly/,0.5262,0.1935,2.65,0.06,27550,6.6405,4.5681,2.4394,0.43,11345.8,1.62,0.26,9.62
316,?603199,http://topic.eastmoney.com/jhslyfz2014/,0.7221,0.2412,6.27,0.06,30516.6,9.2853,5.2056,3.169,0.53,5607.06,3.4,error,10.58
317,?603158,http://topic.eastmoney.com/ltqc/,0.9024,0.3624,4.33,0.12,33746.2,5.8123,3.569,5.5244,0.92,2768.77,2.2,1.12,29.26
318,?603030,http://topic.eastmoney.com/qzjzzs/,0.8299,0.3316,3.52,0.08,53800.04,16.4001,4.2358,18.118,0.77,2756.16,2.52,error,19.62
319,?603020,http://topic.eastmoney.com/apxl/,1.1603,0.2646,7.07,0.06,75740,10.7807,8.6099,12.6898,1.28,25364.86,4.45,error,15.52
320,?603012,http://topic.eastmoney.com/shcljtipo/,1.2202,0.5182,4.78,0.12,100725,20.3513,11.9887,9.8165,1.34,24981.07,5.99,0.54,11.32
321,?300431,http://topic.eastmoney.com/bjbfkjipo/,0.3432,0.0907,3.19,0.03,60150,4.5333,2.8916,3.8621,0.42,4643.98,1.39,error,15.78
322,?300429,http://topic.eastmoney.com/qldzxcl/,0.7446,0.2702,4.1,0.05,27393,3.6937,2.6294,2.7593,0.68,4399.47,1.47,error,error
323,?002750,http://topic.eastmoney.com/KMLJYYIPO/,0.6441,0.4252,5.31,0.11,34500,4.2025,2.6526,1.2992,0.43,442.03,1.82,0.87,15.5
324,?002749,http://topic.eastmoney.com/SCGGNHIPO/,0.6873,2.1212,6.88,0.15,35535,4.9556,4.1293,5.8351,1.24,71.56,3.26,2.06,34.38
325,?002747,http://topic.eastmoney.com/asdzdh/,0.3913,0.1208,2.99,0.09,18106.18,4.1986,2.7013,3.6668,0.24,2966.46,1.37,0.28,9.65
326,?603729,http://topic.eastmoney.com/LYGG2011/,0.538,0.2348,10.44,0.07,43332.95,7.2398,5.222,8.65,0.55,7256.25,3.72,1.12,11.37
327,?603519,http://topic.eastmoney.com/jslbsy/,0.5735,0.4386,6.16,0.1,22165.01,5.8014,3.6954,5.6262,0.43,5993.38,2.29,error,12.35
328,?603268,http://topic.eastmoney.com/gdsftcipo/,0.5891,0.5208,4.39,0.14,23668,3.7767,2.8953,3.0694,0.49,4769.55,1.6,error,18.09
329,?601689,http://topic.eastmoney.com/nbtpjt/,1.1352,0.4833,2.84,0.09,139253,25.3698,15.0027,27.3686,4,19201.08,6.48,0.77,26.32
330,?600958,http://topic.eastmoney.com/dfzq/,1.6235,0.5941,4.29,0.02,978747.4,1075.3012,186.255,54.996,23.59,379610.7,43.83,error,13.81
331,?300432,http://topic.eastmoney.com/fljx2014/,0.5704,0.2976,4.43,0.07,37698,7.6939,4.0051,6.9957,1.37,1550.84,2.57,error,41.08
332,?300430,http://topic.eastmoney.com/bjcytipo/,0.5315,0.273,6.83,0.06,24653.2,7.2889,3.1162,3.1949,0.52,8570.64,1.63,1.14,18.24
333,?300428,http://topic.eastmoney.com/stxxjs/,0.6603,0.3359,4.88,0.1,30691.73,4.9464,2.959,6.9597,0.58,4517.48,1.64,error,21.98
334,?300374,http://topic.eastmoney.com/htcxsm/,0.6674,0.5519,5.45,0.12,27387.88,8.0967,4.0804,2.054,0.13,10800.13,2.08,0.18,3.47
335,?002748,http://topic.eastmoney.com/slsy2012/,0.6055,0.5952,5.82,0.18,48827.6,8.7064,5.2338,10.4789,0.82,7836.73,3.1,0.91,15.79
336,?300433,http://topic.eastmoney.com/lskj/,0.6557,0.1949,12.23,0.08,362179.55,182.3843,74.1817,144.9701,11.76,1852.26,62.06,1.94,17.27
337,?603997,http://topic.eastmoney.com/jfqclbj2014/,0.4551,0.0979,2.03,0.07,69655,10.6677,7.826,10.2112,2.02,error,error,error,error
338,?603969,http://topic.eastmoney.com/tjyl/,1.1068,0.3178,5.09,0.08,64774.2,14.0254,7.7021,16.2665,1.19,28626.23,3.07,0.8,16.96
339,?603828,http://topic.eastmoney.com/kldzs/,0.9564,0.2676,4.9,0.1,51084.9,18.9693,4.7556,18.443,0.92,7620.56,2.82,error,21.44
340,?603015,http://topic.eastmoney.com/hxkj/,0.7136,0.2601,3.5,error,53732.66,7.2023,5.3766,4.5705,0.94,18532.57,1.93,0.63,17.91
341,?603939,http://topic.eastmoney.com/yfdyf/,0.9233,0.2541,4.92,0.11,81588.21,12.5095,5.9576,22.3023,1.42,19773.6,2.56,error,26.22
342,?603898,http://topic.eastmoney.com/hlkcyjj/,0.9067,0.2106,4.47,0.08,42970,5.6649,3.8188,9.0108,1.43,2003.67,2.54,error,43.25
343,?603618,http://topic.eastmoney.com/hzdl/,1.1181,0.5674,5.45,0.15,57358,26.4553,8.7193,26.6807,1.26,33617.58,3.14,error,14.91
344,?603309,http://topic.eastmoney.com/wlyl/,0.6096,0.1858,4.93,error,37884.76,5.258,3.7018,4.9641,0.68,8562.59,1.92,0.9,20.2
345,?603222,http://topic.eastmoney.com/jmzy/,0.5392,0.2849,3.56,0.12,37764,6.3004,4.4161,4.8831,0.58,14800.86,1.56,error,12.33
346,?603118,http://topic.eastmoney.com/gjdzipo/,0.9299,0.2793,5.97,0.08,84624.2,35.7174,13.4333,38.7883,1.61,58637.54,4.96,0.72,12.78
347,?601198,http://topic.eastmoney.com/dxzq/,1.4416,0.2196,3.71,0.03,447377,426.0715,74.3531,25.9777,10.41,132475,24.97,0.52,15.43
348,?300427,http://topic.eastmoney.com/XMHXDLSBIPO/,0.9551,0.3206,4.85,0.07,18687.53,4.2405,3.2231,2.676,0.56,3492.51,1.97,0.85,18.82
349,?300426,http://topic.eastmoney.com/ZJTDYSIPO/,0.5147,0.2206,5.77,0.05,80925.81,9.1081,3.4728,4.0779,0.86,3115.46,2.34,error,28.27
350,?300423,http://topic.eastmoney.com/lytzndq/,0.9039,0.3523,3.26,0.07,19023,4.7438,2.1484,3.0405,0.43,1049.18,1.25,error,22.14
351,?300422,http://topic.eastmoney.com/gxbskhbkj/,0.579,0.165,4.4,0.06,31799.58,5.9567,2.0447,2.8031,0.31,2984.09,1.15,error,16.35
352,?300421,http://topic.eastmoney.com/jslxtygq/,0.889,0.4274,3.67,0.06,30015.35,6.4363,3.2168,4.7099,0.54,12098.81,0.96,error,15.54
353,?300420,http://topic.eastmoney.com/wykj/,0.6833,0.3401,4,0.12,28120.22,3.2937,2.506,1.8986,0.31,8683.61,0.92,error,13.2
354,?300394,http://topic.eastmoney.com/tfgtx/,0.6138,0.6397,5.51,0.07,28557,3.4511,3.2553,2.0064,0.89,6265.01,1.8,error,31.08
355,?002745,http://topic.eastmoney.com/MLSGFIPO/,1.1371,0.2361,3.42,0.15,95239.76,51.9218,14.9777,40.0167,4.39,error,error,error,error
356,?002743,http://topic.eastmoney.com/fhgg101031/,0.7721,0.4297,error,error,error,30.4584,5.4581,18.3481,0.41,error,error,error,error
357,?002742,http://topic.eastmoney.com/sstzjc/,1.05,0.6824,8.99,0.18,43912.9,14.5234,6.8815,12.7081,1.01,error,error,error,error
358,?300425,http://topic.eastmoney.com/hndmkj/,0.3782,0.1556,7.2,0.16,24420.8,6.1246,4.1699,2.3513,0.54,error,error,error,error
359,?002746,http://topic.eastmoney.com/xtgf2012/,0.39,0.1701,6.72,0.14,30500,14.9832,8.0274,17.3469,0.44,25085.52,4.02,0.37,5.68
360,?002741,http://topic.eastmoney.com/ghkjgf/,0.4,0.1938,4.08,0.18,32800,6.9972,3.6698,7.7358,0.68,2695.13,2.29,0.75,19.82
361,?603799,http://topic.eastmoney.com/zjhygyipo/,0.53,0.13,4.82,0.07,184085,81.4688,24.1431,32.7219,1.15,error,error,error,error
362,?603698,http://topic.eastmoney.com/htczhx/,0.61,0.17,3.27,0.08,102307.13,21.08,9.282,10.4445,2.2834,1.5832,3.8393,0.69,27.31
363,?603899,http://topic.eastmoney.com/cgwj/,7.89,0.23,2.93,error,148141.01,16.262,12.1298,23.4493,2.66,5448.78,6.4,0.68,26.43
364,?603686,http://topic.eastmoney.com/lmhw/,0.52,0.24,4.14,error,46808.27,10.6739,4.5619,9.1507,1.03,220,3.16,error,error
365,?603600,http://topic.eastmoney.com/yyjj/,0.45,0.34,3.31,0.18,22392,4.7108,2.4849,6.7929,0.44,401.85,1.64,0.58,18.14
366,?603558,http://topic.eastmoney.com/jsjtipo/,0.68,0.47,5.44,error,34550,7.6446,3.5068,4.7246,0.64,error,error,error,error
367,?300419,http://topic.eastmoney.com/hfcy2012/,0.56,0.28,error,0.15,26684.77,2.9849,2.2329,1.9892,0.35,777.24,1.76,1.15,16.9
368,?300416,http://topic.eastmoney.com/sssy/,0.45,0.21,4.8,0.08,20956,3.9184,2.5909,1.7144,0.22,7573.43,1.17,0.45,9.02
369,?603678,http://topic.eastmoney.com/hjdz/,0.63,0.25,4.49,error,38189,9.5294,5.9284,6.7545,1.04,267.89,4.35,error,19.04
370,?603611,http://topic.eastmoney.com/nljx2014/,0.75,0.31,7.34,error,32469,9.4902,4.6394,9.1412,0.62,error,error,error,error
371,?603601,http://topic.eastmoney.com/zskj/,0.44,0.22,3.55,0.13,17710.09,2.5069,1.9212,1.6041,0.32,4795.84,0.85,error,17.73
372,?601069,http://topic.eastmoney.com/xbhjgf/,0.76,0.23,2.32,0.1,140021.03,23.0067,11.6017,6.2761,0.48,error,error,error,error
373,?300417,http://topic.eastmoney.com/nhyq/,0.71,0.26,5.62,0.09,14951.54,2.0418,1.7786,0.9895,0.19,2842.15,1.09,error,error
374,?300415,http://topic.eastmoney.com/yzmjmjx/,1.08,0.43,3.96,0.07,36060,12.4968,3.6872,8.6701,0.51,1761.46,2.11,0.57,15.41
375,?300364,http://topic.eastmoney.com/zwzxszcb/,0.53,0.18,2.93,0.09,20088.3,3.7539,2.6615,1.6696,0.1,error,error,error,error
376,?002740,http://topic.eastmoney.com/aedzb/,0.94,1,6.53,0.21,35999.62,8.7199,5.1123,6.6754,0.62,error,error,error,error
377,?002739,http://topic.eastmoney.com/wdyxipo/,0.86,0.15,5.23,0.08,200000,42.8807,28.7827,38.9728,6.77,error,error,error,error
378,?002734,http://topic.eastmoney.com/lmhg2011/,0.71,0.4,6.5,error,27029.55,9.2076,4.9575,5.6857,0.37,error,error,error,error
379,?300418,http://topic.eastmoney.com/klwwkj/,0.77,0.21,4.74,0.1,134849,15.0753,9.6412,14.422,2.52,16337.67,5.2,error,25.74
380,?300413,http://topic.eastmoney.com/KLGWIPO/,0.79,0.17,2.68,0.14,147055.76,13.2449,9.1821,20.3476,1.1,17799.05,3.69,error,12.62
381,?603788,http://topic.eastmoney.com/gfqc/,0.31,0.32,2.78,0.3,30904,4.9632,3.0698,4.2564,0.65,2401.57,1.62,0.63,error
382,?601021,http://topic.eastmoney.com/cqhk/,0.65,0.4,9.8,0.17,175500,107.083,33.2658,55.7569,6.57,27970.26,25.97,2.19,26.42
383,?603889,http://topic.eastmoney.com/xafz/,0.43,0.21,6.06,0.2,43057,11.1907,5.6195,12.3432,0.92,833.8,3.92,error,error
384,?603636,http://topic.eastmoney.com/nwrj/,0.4,0.24,5.27,0.15,41135.11,6.5078,4.213,1.772,0.42,error,error,error,error
385,?603017,http://topic.eastmoney.com/SZGYYQSJ/,0.75298,0.56,7.74,0.21,77672,22.288,7.5622,2.541,0.39,18500.28,4.54,0.5,5.31
386,?603588,http://topic.eastmoney.com/gnsd2014/,0.41,0.35,7.67,0.19,69900,19.7887,9.876,3.9783,0.43,30103.03,4.93,0.37,error
387,?300412,http://topic.eastmoney.com/zjjnkj/,0.45,0.26,4.42,0.08,24350.28,2.6352,1.9618,1.3564,0.35,1875.83,1.25,error,error
388,?300411,http://topic.eastmoney.com/jdfj/,0.48,0.35,4.52,0.09,24408,6.1085,2.8501,2.4189,0.33,error,error,0.41,12.09
389,?300410,http://topic.eastmoney.com/gdzykj/,0.41,0.23,5.21,0.14,13392.21,3.6503,2.4221,2.4396,0.26,2522.13,1.6,0.57,11.09
390,?002738,http://topic.eastmoney.com/zkzyktipo/,0.4,0.33,4.52,0.1,29395,6.8222,4.305,2.2209,0.32,error,error,0.36,7.78
391,?002736,http://topic.eastmoney.com/gxzq2014/,1.8,1.97,3.06,0.05,error,1091.3921,228.8854,error,error,error,error,error,error
392,?002737,http://topic.eastmoney.com/khyyjt/,0.64,0.44,7.58,0.36,124889.5,23.6278,9.1668,18.5611,2.17,error,error,error,error
393,?601226,http://topic.eastmoney.com/hdzg/,0.68,0.13,3.07,0.08,163081.62,69.4969,20.4088,44.1903,2.87,30800.06,9.7,0.46,15.3
394,?603998,http://topic.eastmoney.com/fszygf/,0.51,0.12,4.89,0.12,36894.25,5.3031,4.5343,3.0155,0.67,5468.03,2.6,0.77,16.27
395,?601969,http://topic.eastmoney.com/HNKY2012/,1.8,0.58,1.61,0.2,177858.78,43.2014,27.3518,13.3792,3.19,error,error,error,error
396,?300408,http://topic.eastmoney.com/czshjt/,1.23,0.3,4.62,0.13,130000,27.5615,21.4675,16.6953,4.55,error,error,error,error
397,?603518,http://topic.eastmoney.com/wgnssz2011/,0.64,0.26,4.61,0.13,65928.3,6.7253,5.7766,5.9223,0.89,error,error,0.8,16.48
398,?603368,http://topic.eastmoney.com/lzyy/,0.4,0.66,6.03,0.08,53133.87,33.2456,5.9563,42.3918,1.3,8503.61,3.79,error,error
399,?300409,http://topic.eastmoney.com/dsjs/,0.45,0.13,5.64,0.09,33311,5.5596,2.9811,3.3884,0.6,3875,1.92,1.23,21.86
400,?300407,http://topic.eastmoney.com/KFDQIPO/,0.49,0.14,6.85,0.12,34353,7.5987,3.5447,1.8579,0.35,75.48,2.71,0.69,10.49
401,?002735,http://topic.eastmoney.com/SZWZXCLIPO/,0.33,0.12,4.44,0.18,15172.54,4.1201,2.7806,3.3778,0.22,error,error,error,error
402,?002733,http://topic.eastmoney.com/XTDYKJIPO/,0.5,0.15,6.55,0.14,59000,14.3714,6.88,error,error,16583.3,3.92,error,error
403,?002732,http://topic.eastmoney.com/ytry/,0.54,0.17,3.16,0.13,37345.5,5.7198,3.8018,6.8942,0.65,error,error,error,error
404,?603166,http://topic.eastmoney.com/glfd2012/,error,error,1.79,error,174930.91,29.6505,7.5286,6.4382,0.55,372.33,3.28,0.14,7.6
405,?603088,http://topic.eastmoney.com/jdzb2012/,0.45,0.09,4.95,0.11,24070,4.9299,2.9681,1.113,0.2,11921.35,1.02,0.33,6.76
406,?603011,http://topic.eastmoney.com/hdjc/,0.55,0.12,2.92,error,33570,8.5713,3.9282,2.1973,0.12,9731.76,1.46,0.09,3.02
407,?603988,http://topic.eastmoney.com/zddj/,0.49,0.18,5.3,0.2,26749,5.3171,3.1806,1.7638,0.31,8082.35,1.63,0.51,10.12
408,?603688,http://topic.eastmoney.com/tpysy2012/,0.69,0.2,4.85,0.2,33113.6,8.6745,8.1479,1.8113,0.34,28717.39,3.28,0.2,4.27
409,?603019,http://topic.eastmoney.com/SGXXCYIPO/,0.52,0.08,3.29,0.09,34850,22.3443,7.5185,10.4465,0.24,12131.41,3.64,0.1,3.22
410,?601015,http://topic.eastmoney.com/hmjhgf/,1.28,0.25,4.01,0.11,420000,96.3533,27.6496,33.5677,0.43,34739.21,10.64,0.11,2.85
411,?002731,http://topic.eastmoney.com/sychzbipo/,0.68,0.15,5.04,0.14,40870,14.1057,5.6919,17.9876,0.44,3142.28,3.99,0.39,8.01
412,?002724,http://topic.eastmoney.com/hyw2012/,0.6,0.18,2.86,0.13,55044.11,11.3035,10.0114,4.1954,0.36,2087.31,5.48,0.1,3.6
413,?300406,http://topic.eastmoney.com/jqswjs/,0.3,0.58,5.75,0.07,30008,6.2192,5.7544,2.3149,0.99,8380.42,3.38,0.99,18.85
414,?300405,http://topic.eastmoney.com/kljx2012/,0.48,1.19,7.21,0.18,34210,10.7682,3.6825,5.8678,0.32,4265.51,2.47,0.62,9.07
415,?300403,http://topic.eastmoney.com/hydq2012/,error,error,4.7,error,error,error,error,error,error,error,error,error,error
416,?603606,http://topic.eastmoney.com/dfdl/,0.49014,0.23,4.64,0.16,22276.46,14.0668,5.1005,6.7804,0.26,4225.22,3.14,0.24,5.12
417,?300402,http://topic.eastmoney.com/njbs2011/,0.57776,0.16,3.16,0.19,21000,12.5066,4.7693,3.0978,0.22,7553.2,2.25,0.14,4.65
418,?300400,http://topic.eastmoney.com/jtsb2012/,0.69709,0.11,3.46,0.2,15339.97,3.2739,2.2551,1.34,0.18,2389.19,1.26,0.29,8.17
419,?603456,http://topic.eastmoney.com/jzyy2011/,0.74844,0.13,4.95,0.2,90774.37,17.9897,7.7727,6.3956,0.77,19.89,5.19,0.48,10.08
420,?603169,http://topic.eastmoney.com/lzlszxzbipo/,0.61402,0.1,1.65,0.2,39100,38.0446,8.0979,7.1164,0.37,1496.45,2.79,0.08,4.73
421,?603018,http://topic.eastmoney.com/jsjtgh/,0.75298,0.2,9.69,error,77672,23.335,7.172,11.4588,1.499,1.85,4.1462,1.92,23.35
422,?603010,http://topic.eastmoney.com/wsipo/,0.49213,0.17,3.21,0.22,33482.28,5.5917,2.4049,3.4681,0.23,5149.58,0.97,0.31,9.07
423,?300401,http://topic.eastmoney.com/hyswipo/,0.40209,0.09,8.09,0.2,29221.4,5.9924,5.6512,0.7237,0.15,3246.22,4.26,0.22,2.67
424,?300399,http://topic.eastmoney.com/txtl2012/,0.38902,0.11,4.6,0.13,error,error,error,error,error,error,error,error,error
425,?300398,http://topic.eastmoney.com/kfgd/,0.51753,0.13,4.63,0.17,error,4.6224,2.7792,1.7423,0.38,2298.2,1.89,0.63,14.52
426,?002730,http://topic.eastmoney.com/dgfbkj/,0.45501,0.16,4.53,0.25,26419,9.2212,4.9799,2.7861,0.26,12703,2.4,0.24,5.37
427,?600917,http://topic.eastmoney.com/cqrq2012/,0.87667,0.13,1.88,0.29,212308,63.8607,28.776,28.4373,1.85,70375.38,4.29,0.13,6.62
428,?603306,http://topic.eastmoney.com/hmxcllpo/,0.29772,0.23,4.07,0.31,47065.62,6.0383,4.2684,1.105,0.23,5829.77,2.48,0.22,5.65
429,?601016,http://topic.eastmoney.com/zjn2012/,0.70419,0.1,1.74,0.22,104062,129.1457,33.8799,5.905,1.32,45340.33,6.84,0.07,3.75
430,?300396,http://topic.eastmoney.com/dryl2012/,0.76528,0.13,9.64,0.2,43012.8,5.6913,4.4336,2.1256,0.44,9791.73,2.71,0.96,10.51
431,?300392,http://topic.eastmoney.com/txcx/,0.66647,0.1,6.81,0.2,34784.43,5.4098,3.6537,error,error,6885.3,2.26,error,error
432,?603806,http://topic.eastmoney.com/fst2012/,1.51608,0.56,5.89,error,157136.5,23.5908,20.1404,11.3853,2.16,26.52,14.65,0.63,10.92
433,?603188,http://topic.eastmoney.com/jsybrl/,1.21418,0.25,5.23,0.26,135534,25.2175,11.2953,14.2179,3.95,18158.41,6.47,1.83,37.92
434,?300397,http://topic.eastmoney.com/thfw2012/,0.59285,0.11,6.2,0.12,64383,6.8445,5.5828,0.0088,error0.19,3447.92,4.17,error0.21,error3.28
435,?300395,http://topic.eastmoney.com/flhsy/,0.66244,0.82,3.53,0.14,41094,4.5484,3.3998,1.3483,0.31,4388.77,2.18,0.65,9.29
436,?300393,http://topic.eastmoney.com/zlgfipo/,0.58416,0.82,3.53,0.14,39125,6.1909,3.3936,2.1514,0.65,14.27,2.22,0.68,21.31
437,?002729,http://topic.eastmoney.com/hllzgdzkj/,0.37459,0.12,3.66,0.29,28862,2.9407,1.8302,0.8622,0.17,2460.06,0.97,0.35,9.69
438,?601579,http://topic.eastmoney.com/sxjgf2012/,0.49142625,0.27,3.16,0.26,64202,20.688,9.701,9.3381,1.25,25341.93,3.39,0.41,13.94
439,?603099,http://topic.eastmoney.com/cbsly2012/,0.36828,0.11,2.19,0.36,42112.32,4.791,4.38,2.3315,0.62,7738.41,1.31,0.31,15.26
440,?603609,http://topic.eastmoney.com/hfmy/,0.51120044,0.06,3.62,0.35,42537,35.439,18.995,85.2546,1.85,3693.62,10.77,0.37,10.64
441,?300391,http://topic.eastmoney.com/kykj2012/,0.836911577,0.10734754,3.95,0.31,13908.74,5.629,1.975,2.5539,0.35,4634.66,0.89,0.7,18.33
442,?300389,http://topic.eastmoney.com/abs2012/,0.72455717,1.30713147,5.51,0.21,26066.17,6.624,3.478,7.2977,1.14,3205.23,2.24,1.81,38.99
443,?300388,http://topic.eastmoney.com/gzhb2012/,0.47681587,0.08675476,7.25,0.24,39890,21.482,5.059,6.3823,0.59,5456.55,3.32,0.87,12.3
444,?300384,http://topic.eastmoney.com/bjslhpxhx/,0.619261796,0.18670399,6.21,0.33,42159.99,6.787,2.485,3.4574,0.8,104.71,1.85,2.0004,38.02
445,?603126,http://topic.eastmoney.com/zcjn2012/,0.84998527,0.11894319,3.14,0.37,100949.84,20.157,10.271,10.5977,0.91,14603.02,error,0.28,9.36
446,?603111,http://topic.eastmoney.com/knjd2012/,0.65140032,0.161701557,1.98,0.26,96124.7,13.688,4.458,10.4144,1.17,1295.08,1.52,0.54,28.04
447,?603100,http://topic.eastmoney.com/cygf2012/,0.89476678,0.19139855,3.36,0.24,62586,33.428,10.108,31.8722,1.48,17926.56,4.67,0.48,12.84
448,?300390,http://topic.eastmoney.com/thkj2012/,0.29950966,1.562910128,3.18,0.19,9996,2.856,1.983,3.4588,0.37,1250.01,1.11,0.59,20.14
449,?002728,http://topic.eastmoney.com/tczy2012/,0.377296003,0.2062326,4.67,0.36,51281.26,4.535,3.501,3.4272,0.81,4111.95,2.05,1.07,25.67
450,?603009,http://topic.eastmoney.com/btkj2012/,0.28085352,0.2062326,3.12,error,15000,6.667,2.583,5.3111,0.41,1297.59,1.47,0.51,17.85
451,?300387,http://topic.eastmoney.com/fbkj2012/,0.710007856,0.711108891,6.07,0.48,17383.18,3.534,2.938,3.0231,0.6,6454.91,1.61,1.25,22.98
452,?603369,http://topic.eastmoney.com/jsyjy/,1.05941134,0.22766229,5.08,error,93100,33.663,22.977,25.1542,6.8011,2.2788,14.8251,1.514,34.08
453,?002727,http://topic.eastmoney.com/hxyxtyy2012/,0.622085236,0.089680539,5.36,error,74926,20.728,10.501,35.4666,2.39,16467.74,6.28,1.234,25.99
454,?603168,http://topic.eastmoney.com/spas2012/,0.76228515,0.10094462,7.21,0.26,30673,5.976,3.533,6.2814,1.04,4062.79,2.31,2.12,33.62
455,?603328,http://topic.eastmoney.com/yddzkj2012/,1.70084633,0.4592071,5.83,0.83,130802.12,30.941,23.267,25.9349,3.2165,1.4077,16.0561,0.81,14.85
456,?603006,http://topic.eastmoney.com/ipo/,0.437,0.07544,5.53,0.6,25000,4.777,3.317,4.0499,0.603,0.2441,2.2829,1,19.99
457,?300386,http://topic.eastmoney.com/ftcx2012/,error,error,error,error,error,6.382,5.07,8.4582,2.0118,0.8821,3.0866,2.68,49.5
458,?300385,http://topic.eastmoney.com/xlhj2012/,0.458,0.132100396,5.76,1.26,25837,6.685,3.458,4.1519,0.56,11882.36,1.44,0.9358,17.67
459,?002726,http://topic.eastmoney.com/ldrs2012/,0.832,0.195979178,5.49,2.71,49800,12.37,9.332,31.5833,1.16,35828.35,3.19,0.71,13.7
460,?002717,http://topic.eastmoney.com/lnyl2011/,0.577432572,13.78135048,5.01,1.63,21000,10.757,3.759,4.1354,0.46,5291.63,2.28,0.62,13.14
461,?002715,http://topic.eastmoney.com/dyqp2012/,error,error,3.77,error,22238,6.222,2.705,1.4934,0.18,6448.5,1.2,0.26,6.81
462,?002713,http://topic.eastmoney.com/dyrs2012/,error,error,3.25,error,46073,7.98,3.08,13.35,0.7,8150.24,0.97,0.69,22.7018
463,?603288,http://topic.eastmoney.com/htgf2012/,2.76615717,18.83018868,5.31,12.55,185694.67,48.976,37.756,44.0266,8.64,133672,15.12,1.22,24
464,?603005,http://topic.eastmoney.com/jfkj2012/,1.31869551,7.753339031,3.53,6.61,66735.96,8.163,6.695,1.9853,0.72,18375.03,2.64,0.38,10.45
465,?300383,http://topic.eastmoney.com/ghxw2012/,5.23,34.98717949,5.95,3.65,31076.2,3.706,2.727,1.4098,0.32,6371.49,1.46,0.7,12.23
466,?300369,http://topic.eastmoney.com/szlm2012/,2.027794689,32.70618557,4.9,error,29258.11,4.78,3.68,2.26,0.1,4061.2,2.29,0.13,2.7164
467,?300367,http://topic.eastmoney.com/wlkj2012/,2.23051993,13.59,5.38,error,28675,6.12,2.83,1.42,0.19,4040.18,1.74,0.36,6.6983
468,?300363,http://topic.eastmoney.com/btzy2012/,1.554277436,12.6744186,3.95,error,27334.85,7.881,3.816,3.628,0.56,6459.04,2.07,0.57,15.52
469,?300382,http://topic.eastmoney.com/slk2012/,1.646586511,12.89042857,5.85,2.61,23110.57,4.832,2.692,1.5648,0.49,232.01,2,1.07,20.2
470,?300379,http://topic.eastmoney.com/dft2012/,1.042626935,5.912174713,3.48,2.97,11153,2.541,1.705,0.7301,0.14,3591.9,0.84,0.31,8.56
471,?002725,http://topic.eastmoney.com/ylgf2012/,1.767307984,14.22475107,5.72,16.16,40172.4,6.275,4.29,4.1056,0.53,13820.87,1.95,0.71,13.04
472,?002723,http://topic.eastmoney.com/jlt2012/,2.097688985,8.062678063,4.73,6.4,27249.98,5.717,3.311,2.9996,0.21,2737.09,2.1,0.303,6.62
473,?002722,http://topic.eastmoney.com/jlkc2012/,2.032847713,7.152847153,3.19,5.67,18211.6,6.311,3.301,2.1046,0.27,5445.06,1.51,0.26,8.41
474,?002719,http://topic.eastmoney.com/mqe2012/,2.2274802,22.60054281,3.58,10.04,29529,4.293,2.809,1.6598,0.16,4582.12,1.46,0.2,5.87
475,?002718,http://topic.eastmoney.com/ybjcdd2012/,2.095373064,17.01077782,5,9.22,16025,2.653,2.25,1.2237,0.3,534.72,1.57,0.67,14.06
476,?601225,http://topic.eastmoney.com/SXMY2011/,4.8701694,30.53301928,3.36,17.77,1725100,541.836,272.694,error,82.59,517497.6,60.64,0.61,27.14
477,?300381,http://topic.eastmoney.com/ydl2011/,1.734382041,13.79518072,6.92,4.77,16647,3.236,2.704,1.6233,0.28,153.05,2.04,0.71,10.83
478,?300380,http://topic.eastmoney.com/asxx2012/,1.87558851,19.14206128,3.18,1.7,16968.47,2.316,1.91,0.8591,0.15,5110.8,0.71,0.25,8.02
479,?300378,http://topic.eastmoney.com/jjrj2012/,2.591029711,11.11111111,6.5,error,51665,8.813,5.8,5.0108,0.45,22433.43,2.6,0.5,8.02
480,?300376,http://topic.eastmoney.com/yst2012/,1.617177911,5.077097506,8.59,error,18000,12.35,6.72,5.02,0.65,5069.19,5.02,0.83,9.6813
481,?002716,http://topic.eastmoney.com/jgyy2012/,2.563588228,25.81759543,5.56,6.47,68967.9,32.546,9.798,18.8582,0.74,15841.77,5.73,0.42,7.84
482,?002714,http://topic.eastmoney.com/mysp2012/,2.581344347,45.375,4.85,2.37,66716.04,30.44,10.286,7.4891,0.76,10051.63,6.31,0.36,7.35
483,?002711,http://topic.eastmoney.com/opgt2012/,6.86,32.42350061,4.76,error,53956,9.84,5.62,3.03,0.57,error,3.99,0.48,10.1946
484,?300377,http://topic.eastmoney.com/yssxxjs2012/,2.421362537,9.7949,3.52,error,19281.15,1.925,1.631,0.6334,0.05,1058.75,0.97,0.11,2.96
485,?300372,http://topic.eastmoney.com/ddxt2011/,1.448656134,17.2248996,5.23,error,22000,6.95,3.66,2.21,0.23,197.62,2.67,0.33,6.2402
486,?300366,http://topic.eastmoney.com/cyxx2012/,1.079666069,10.24193548,error,error,10415.5,2.48,1.97,1.15,0.18,843.09,1.11,0.37,9.366
487,?002721,http://topic.eastmoney.com/jywh2012/,1.197656961,20.15060241,4.17,error,23085.1,17.43,5.98,18.2094,1.11,12804.91,3.15,0.76,19.5
488,?603555,http://topic.eastmoney.com/grn2012/,2.28703467,13.33133613,2.28,error,88220.54,28.508,11.996,12.2908,1.74,4583.96,5.59,0.3314,13.99
489,?300375,http://topic.eastmoney.com/plgy2011/,1.891066747,25.87134503,6.48,error,21829,7.205,5.398,4.7517,0.58,9149.63,3.16,0.75,10.92
490,?300373,http://topic.eastmoney.com/yjdz2012/,1.383086398,8.408163265,4.78,11.49,24082.9,4.649,3.393,2.4216,0.46,8929.53,1.61,0.65,14.49
491,?300371,http://topic.eastmoney.com/hzyb2012/,2.489626556,16.66666667,3.82,3.39,21271.73,2.503,1.603,1.1895,0.33,864.12,0.97,0.8,17.26
492,?300368,http://topic.eastmoney.com/hjjd2012/,1.286869513,14.53051643,5.52,9.86,21200,3.311,2.759,0.7754,0.19,3330.63,1.75,0.37,6.98
493,?300365,http://topic.eastmoney.com/hhwy2012/,2.049105893,9.986781229,4.56,7.87,23183.73,2.337,1.914,0.5886,0.13,1749.05,1.2,0.32,7.28
494,?002707,http://topic.eastmoney.com/zxgj2012/,1.082829419,5.525368042,4.6,5.84,14921.53,7.402,2.345,12.1727,0.31,2035.93,1.44,0.61,14.19
495,?603308,http://topic.eastmoney.com/yljd2012/,1.79066795,14.92835821,3.34,62.1,57850,35.536,11.134,7.2691,0.91,25738.43,4.63,0.28,8.36
496,?300370,http://topic.eastmoney.com/akkj2012/,2.10435276,15.09090909,4.52,8.66,14866.48,4.5,1.98,2.6,0.45,112.68,1.34,1.0361,23.2985
497,?300359,http://topic.eastmoney.com/qtjy2012/,1.678694738,15.94,3.31,10.03,11994.57,2.146,1.984,0.8587,0.26,4260.93,0.85,0.43,13.38
498,?002712,http://topic.eastmoney.com/smcm2012/,1.14727171,9.282673866,6.35,8.45,27559,5.92,4.63,7.15,0.37,5656.76,3.1,0.51,8.0117
499,?002709,http://topic.eastmoney.com/gztcgxcl2012/,1.283706849,1.674399337,5.07,19.69,26523.66,6.933,5.159,2.6799,0.35,17276.8,2.09,0.34,6.88
500,?002708,http://topic.eastmoney.com/gyzc2012/,1.832607119,7.049515503,4.76,7.14,35088.4,7.622,4.753,2.9143,0.27,22267.06,1.4,0.27,5.87
501,?300362,http://topic.eastmoney.com/tbzz2012/,1.232823842,12.43478261,4.09,21.72,48881,12.847,3.255,2.49,0.18,9901.85,1.28,0.2264,5.67
502,?300360,http://topic.eastmoney.com/jhkj2012/,2.249093518,11.642753,6.13,84.37,20772,7.821,4.266,3.4616,0.8,2125,3.37,1.09,19.51
503,?002706,http://topic.eastmoney.com/lxdq2010/,1.425758303,16.0650358,5.2,10.43,37612,5.186,3.362,3.0047,0.4,6631.62,1.83,0.62,37.23
504,?603699,http://topic.eastmoney.com/nwfmgf2012/,1.77394863,15.76,1.77,67.57,83920.36,26.612,12.963,11.8657,2.15,error36.75,4.81,0.3,18.75
505,?300358,http://topic.eastmoney.com/ctkj2012/,1.402573947,22.6,5.84,8.05,24997,5.536,2.25,4.0454,0.7,7718.01,0.74,1.06,36.44
506,?300357,http://topic.eastmoney.com/wwswkj2012/,0.568353,6.64,2.37,12.96,18952.45,2.235,2.129,0.8765,0.32,32.56,1.13,0.35,16
507,?002705,http://topic.eastmoney.com/xbdq2012/,1.049136878,11.204,3.29,6.88,74212,error,error,error,error,error,error,error,error
